Roster_No,Student_ID,Attendance_F2F_Session_1,Attendance_F2F_Session_2,Attendance_F2F_Session_3,Attendance_F2F_Session_4,Attendance_F2F_Session_5,Attendance_F2F_Session_6,Attendance_F2F_Session_7,Attendance_F2F_Session_8,Attendance_Online_Session_1,Attendance_Online_Session_2,Attendance_Online_Session_3,Attendance_Online_Session_4,F2F_Present_Count,Online_Present_Count,Total_Present_Count,F2F_Absent_Count,Online_Absent_Count,Total_Absent_Count,Attendance_Rate
1,2387989857,1,1,1,1,1,1,1,1,1,1,1,1,8,4,12,0,0,0,1
2,2309387674,1,1,1,1,1,1,1,1,1,1,1,0,8,3,11,0,1,1,0.9166666666666666
3,2352127454,1,1,1,1,1,1,1,1,0,1,1,1,8,3,11,0,1,1,0.9166666666666666
4,2274107917,1,1,1,1,1,1,1,1,1,1,1,1,8,4,12,0,0,0,1
5,2347455779,0,0,0,1,1,1,1,1,1,0,0,1,5,2,7,3,2,5,0.5833333333333334
6,2398720018,0,0,1,1,1,1,1,0,0,1,1,1,5,3,8,3,1,4,0.6666666666666666
7,2295260071,1,1,1,1,1,1,1,1,1,1,1,1,8,4,12,0,0,0,1
8,2391263101,0,1,1,0,0,1,0,1,1,0,0,0,4,1,5,4,3,7,0.4166666666666667
9,2310004973,0,1,1,0,1,1,1,0,0,1,1,1,5,3,8,3,1,4,0.6666666666666666
10,2240555028,0,1,0,0,1,0,1,0,1,1,1,1,3,4,7,5,0,5,0.5833333333333334
11,2323530539,0,0,1,1,0,0,1,1,1,0,0,1,4,2,6,4,2,6,0.5
12,2273937969,0,1,1,1,0,0,1,1,1,1,1,1,5,4,9,3,0,3,0.75
13,2295424535,1,1,1,1,1,1,1,1,1,1,1,1,8,4,12,0,0,0,1
14,2352502819,1,1,1,1,0,1,1,1,1,1,1,1,7,4,11,1,0,1,0.9166666666666666
15,2375521727,1,0,1,1,1,1,1,1,1,1,1,1,7,4,11,1,0,1,0.9166666666666666
16,2284740385,1,1,0,1,0,1,1,0,0,0,0,0,5,0,5,3,4,7,0.4166666666666667
17,2317373051,1,1,0,0,1,1,1,0,0,1,0,0,5,1,6,3,3,6,0.5
18,2291300781,1,1,1,1,1,1,1,1,1,1,1,1,8,4,12,0,0,0,1
19,2279983262,0,1,1,0,0,1,1,0,1,0,0,1,4,2,6,4,2,6,0.5
20,2259085309,1,1,1,1,1,1,1,1,1,0,0,1,8,2,10,0,2,2,0.8333333333333334
21,2355099191,0,0,1,1,1,0,1,1,1,1,1,1,5,4,9,3,0,3,0.75
22,2367005412,0,1,1,1,1,0,1,1,1,1,1,1,6,4,10,2,0,2,0.8333333333333334
23,2386051654,1,1,1,1,1,1,0,0,1,1,1,1,6,4,10,2,0,2,0.8333333333333334
24,2353795352,1,1,0,1,1,1,1,0,0,1,0,1,6,2,8,2,2,4,0.6666666666666666
25,2355685122,1,1,1,0,0,1,1,0,0,1,1,0,5,2,7,3,2,5,0.5833333333333334
26,2323091401,1,0,1,1,1,1,1,1,0,1,1,1,7,3,10,1,1,2,0.8333333333333334
27,2233595067,1,1,1,1,1,1,1,1,1,1,1,1,8,4,12,0,0,0,1
28,2303968087,0,1,1,1,0,1,1,0,0,1,1,0,5,2,7,3,2,5,0.5833333333333334
29,2388233309,1,0,1,1,1,1,1,1,1,1,1,1,7,4,11,1,0,1,0.9166666666666666
30,2327027923,1,1,1,1,1,1,1,1,1,1,1,1,8,4,12,0,0,0,1
31,2288073661,0,1,1,1,1,1,1,1,0,0,0,0,7,0,7,1,4,5,0.5833333333333334
32,2380003692,1,0,1,1,0,1,1,1,1,1,0,0,6,2,8,2,2,4,0.6666666666666666
33,2206889365,1,1,1,1,1,1,1,1,1,1,1,1,8,4,12,0,0,0,1
34,2225194993,1,1,1,0,1,1,1,1,1,1,0,0,7,2,9,1,2,3,0.75
35,2271990059,0,1,0,0,1,0,0,1,1,1,1,0,3,3,6,5,1,6,0.5
36,2210989054,0,0,1,1,1,0,1,0,1,1,1,1,4,4,8,4,0,4,0.6666666666666666
37,2227670303,1,1,1,1,1,1,1,1,1,1,1,1,8,4,12,0,0,0,1
38,2360982602,0,1,1,1,1,1,1,0,1,0,0,0,6,1,7,2,3,5,0.5833333333333334
39,2298184097,1,0,1,1,0,1,1,1,1,0,1,1,6,3,9,2,1,3,0.75
40,2274824044,1,1,1,1,1,1,1,1,1,1,1,1,8,4,12,0,0,0,1
41,2379538533,1,1,1,1,1,1,1,1,1,1,1,1,8,4,12,0,0,0,1
42,2295394305,1,1,0,1,1,1,1,1,0,1,1,1,7,3,10,1,1,2,0.8333333333333334
43,2292220987,1,1,0,1,1,1,1,0,0,0,1,1,6,2,8,2,2,4,0.6666666666666666
44,2366849674,1,1,1,0,1,1,1,1,1,1,1,1,7,4,11,1,0,1,0.9166666666666666
45,2203063486,1,1,1,1,1,1,1,1,1,1,1,1,8,4,12,0,0,0,1
46,2355554173,1,0,1,1,1,0,1,0,1,1,1,1,5,4,9,3,0,3,0.75
47,2260477796,1,1,0,1,1,0,1,1,1,1,1,1,6,4,10,2,0,2,0.8333333333333334
48,2321502087,0,1,0,1,1,1,0,1,1,1,0,1,5,3,8,3,1,4,0.6666666666666666
49,2360472086,1,1,1,1,1,1,1,1,1,1,1,1,8,4,12,0,0,0,1
50,2341324106,1,1,1,1,1,1,1,0,1,1,1,1,7,4,11,1,0,1,0.9166666666666666
51,2235615196,1,0,1,1,1,1,1,1,1,1,1,0,7,3,10,1,1,2,0.8333333333333334
52,2337281919,1,1,1,1,1,1,1,1,1,1,1,1,8,4,12,0,0,0,1
53,2326900416,0,0,1,0,0,1,1,0,1,0,0,0,3,1,4,5,3,8,0.3333333333333333
54,2240553602,1,1,0,0,1,1,1,1,0,1,1,1,6,3,9,2,1,3,0.75
55,2321420541,1,1,1,1,0,1,1,1,1,0,1,1,7,3,10,1,1,2,0.8333333333333334
56,2205411830,0,1,1,0,1,1,1,0,0,1,1,1,5,3,8,3,1,4,0.6666666666666666
57,2371636578,1,1,1,1,1,1,1,1,1,1,1,1,8,4,12,0,0,0,1
58,2212759157,1,1,0,1,1,0,0,1,1,1,1,1,5,4,9,3,0,3,0.75
59,2299608938,1,1,1,1,1,1,1,1,1,1,1,1,8,4,12,0,0,0,1
60,2366047937,1,0,1,1,1,1,1,0,1,1,0,1,6,3,9,2,1,3,0.75
61,2300861581,1,1,1,1,1,1,1,1,1,1,1,1,8,4,12,0,0,0,1
62,2233920232,0,0,1,1,0,0,1,0,0,1,1,0,3,2,5,5,2,7,0.4166666666666667
63,2297877423,0,1,1,1,1,1,1,1,1,1,1,1,7,4,11,1,0,1,0.9166666666666666
64,2249845357,1,0,1,0,1,0,1,1,0,0,1,1,5,2,7,3,2,5,0.5833333333333334
65,2373063753,1,1,1,1,0,1,0,1,1,1,1,1,6,4,10,2,0,2,0.8333333333333334
66,2384875828,1,1,1,1,1,0,1,1,1,1,0,0,7,2,9,1,2,3,0.75
67,2233889224,1,0,1,1,0,0,1,1,1,1,1,1,5,4,9,3,0,3,0.75
68,2323736914,0,0,1,1,1,0,0,1,1,1,0,0,4,2,6,4,2,6,0.5
69,2349504649,1,1,1,1,1,1,1,1,1,1,1,1,8,4,12,0,0,0,1
70,2392553352,1,1,0,1,1,0,1,1,0,1,1,1,6,3,9,2,1,3,0.75
71,2289916450,1,0,1,1,1,1,0,0,1,0,1,1,5,3,8,3,1,4,0.6666666666666666
72,2285206184,1,1,1,1,1,1,0,1,0,1,1,1,7,3,10,1,1,2,0.8333333333333334
73,2330971107,1,1,1,1,1,1,1,1,1,1,1,1,8,4,12,0,0,0,1
74,2392700843,1,1,1,1,1,1,1,1,1,1,1,1,8,4,12,0,0,0,1
75,2393564337,1,1,1,0,1,0,1,1,1,1,1,1,6,4,10,2,0,2,0.8333333333333334
76,2278703199,0,1,1,0,1,1,1,1,0,1,1,1,6,3,9,2,1,3,0.75
77,2382033177,1,1,1,1,1,0,0,1,1,1,0,1,6,3,9,2,1,3,0.75
78,2204069756,1,1,1,1,1,1,1,0,1,1,1,1,7,4,11,1,0,1,0.9166666666666666
79,2389425779,1,1,0,0,1,1,0,0,0,0,1,0,4,1,5,4,3,7,0.4166666666666667
80,2232202942,1,1,1,0,0,1,1,1,0,1,1,1,6,3,9,2,1,3,0.75
81,2389008135,0,0,1,1,0,0,1,1,0,0,1,0,4,1,5,4,3,7,0.4166666666666667
82,2201932354,1,1,1,1,1,1,1,1,1,1,1,1,8,4,12,0,0,0,1
83,2210013062,1,1,1,1,1,1,1,1,1,1,1,1,8,4,12,0,0,0,1
84,2281665110,1,1,1,0,1,0,0,1,1,0,1,1,5,3,8,3,1,4,0.6666666666666666
85,2351964329,1,1,1,1,0,1,1,1,1,1,1,1,7,4,11,1,0,1,0.9166666666666666
86,2257073236,1,1,1,1,1,1,1,1,1,1,1,1,8,4,12,0,0,0,1
87,2227469944,0,1,1,1,1,1,0,1,1,1,1,1,6,4,10,2,0,2,0.8333333333333334
88,2348811979,1,1,1,1,1,1,1,1,1,1,1,1,8,4,12,0,0,0,1
89,2370302684,1,1,1,1,1,1,1,0,1,0,1,0,7,2,9,1,2,3,0.75
90,2249121577,0,1,1,1,1,0,1,1,1,1,1,1,6,4,10,2,0,2,0.8333333333333334
91,2216063238,1,1,0,1,0,0,1,1,1,1,1,1,5,4,9,3,0,3,0.75
92,2358581305,0,1,1,1,1,1,1,1,1,1,1,1,7,4,11,1,0,1,0.9166666666666666
93,2288611064,1,1,1,1,1,1,1,1,1,1,1,1,8,4,12,0,0,0,1
94,2225567329,0,1,1,1,1,1,1,1,1,0,1,1,7,3,10,1,1,2,0.8333333333333334
95,2312081294,1,1,1,1,1,1,1,1,1,1,1,1,8,4,12,0,0,0,1
96,2394514973,1,1,1,1,1,1,1,1,1,1,1,1,8,4,12,0,0,0,1
97,2279235017,1,1,1,0,1,0,0,0,1,1,1,0,4,3,7,4,1,5,0.5833333333333334
98,2265967062,1,1,1,1,1,1,1,1,1,1,1,1,8,4,12,0,0,0,1
99,2352188294,1,1,1,1,1,1,1,1,1,1,0,1,8,3,11,0,1,1,0.9166666666666666
100,2280304483,0,1,1,0,0,0,1,0,0,1,1,1,3,3,6,5,1,6,0.5
101,2339511059,1,0,0,0,1,0,1,0,0,1,0,1,3,2,5,5,2,7,0.4166666666666667
102,2345120046,1,0,1,1,1,1,1,1,1,1,0,0,7,2,9,1,2,3,0.75
103,2285070158,1,1,1,1,1,0,1,1,1,0,1,1,7,3,10,1,1,2,0.8333333333333334
104,2322064651,0,1,0,1,1,1,1,1,1,1,1,1,6,4,10,2,0,2,0.8333333333333334
105,2246153252,1,0,1,1,1,1,1,1,1,1,0,1,7,3,10,1,1,2,0.8333333333333334
106,2264604723,1,1,1,1,1,1,1,1,1,1,1,1,8,4,12,0,0,0,1
107,2237396869,1,1,1,1,1,1,1,1,1,1,1,1,8,4,12,0,0,0,1
108,2288856046,1,0,1,1,1,1,1,1,1,1,1,1,7,4,11,1,0,1,0.9166666666666666
109,2234349662,1,1,1,1,0,1,0,0,0,0,1,1,5,2,7,3,2,5,0.5833333333333334
110,2236621328,1,0,1,1,0,0,1,0,1,1,0,1,4,3,7,4,1,5,0.5833333333333334
111,2364831323,0,1,1,0,1,1,1,0,1,1,0,1,5,3,8,3,1,4,0.6666666666666666
112,2394590185,1,1,0,1,1,0,0,1,1,1,1,1,5,4,9,3,0,3,0.75
113,2353573449,1,1,1,1,1,1,0,1,1,1,1,1,7,4,11,1,0,1,0.9166666666666666
114,2284189997,0,0,1,1,0,1,0,0,0,0,1,1,3,2,5,5,2,7,0.4166666666666667
115,2389307369,1,1,1,1,0,1,1,1,1,0,1,1,7,3,10,1,1,2,0.8333333333333334
116,2335113039,0,1,1,1,0,1,1,1,1,0,1,0,6,2,8,2,2,4,0.6666666666666666
117,2267642640,1,1,0,1,0,1,0,1,1,0,1,0,5,2,7,3,2,5,0.5833333333333334
118,2352345718,1,1,1,1,1,1,1,1,1,1,1,1,8,4,12,0,0,0,1
119,2313693456,1,0,1,0,1,0,0,1,1,1,1,1,4,4,8,4,0,4,0.6666666666666666
120,2285559560,1,0,0,1,1,0,1,1,0,0,0,0,5,0,5,3,4,7,0.4166666666666667
121,2233189051,1,1,1,1,1,1,0,1,1,1,0,1,7,3,10,1,1,2,0.8333333333333334
122,2228355544,1,1,1,1,0,1,1,1,1,1,0,0,7,2,9,1,2,3,0.75
123,2246094258,1,1,1,1,1,1,1,1,1,1,1,0,8,3,11,0,1,1,0.9166666666666666
124,2224547574,1,1,1,1,1,0,1,0,1,1,0,1,6,3,9,2,1,3,0.75
125,2216727963,1,1,1,0,1,1,1,1,0,1,1,1,7,3,10,1,1,2,0.8333333333333334
126,2352291964,1,0,1,1,1,1,1,0,1,0,0,0,6,1,7,2,3,5,0.5833333333333334
127,2240651142,1,0,1,1,1,1,1,1,1,1,1,0,7,3,10,1,1,2,0.8333333333333334
128,2283362232,0,1,0,1,1,1,1,1,0,1,1,1,6,3,9,2,1,3,0.75
129,2320891310,1,1,1,1,1,1,1,1,1,1,1,1,8,4,12,0,0,0,1
130,2209969176,1,0,0,0,0,1,1,1,1,1,1,1,4,4,8,4,0,4,0.6666666666666666
131,2251998510,1,0,0,1,0,0,0,0,0,1,1,0,2,2,4,6,2,8,0.3333333333333333
132,2372313000,1,1,1,0,1,0,1,1,1,1,0,1,6,3,9,2,1,3,0.75
133,2241568831,1,1,1,1,1,1,1,1,1,1,1,1,8,4,12,0,0,0,1
134,2339732112,1,1,1,0,1,1,0,1,1,1,0,1,6,3,9,2,1,3,0.75
135,2340502733,1,1,1,1,0,0,1,1,0,1,0,1,6,2,8,2,2,4,0.6666666666666666
136,2364467033,0,1,1,1,1,1,1,1,1,1,1,0,7,3,10,1,1,2,0.8333333333333334
137,2281659605,1,1,1,1,1,1,1,0,1,1,1,1,7,4,11,1,0,1,0.9166666666666666
138,2247637267,1,1,1,1,1,1,0,1,1,1,1,1,7,4,11,1,0,1,0.9166666666666666
139,2293408639,1,1,1,1,1,1,1,1,0,1,1,0,8,2,10,0,2,2,0.8333333333333334
140,2268750543,0,1,1,1,1,1,1,1,1,1,1,1,7,4,11,1,0,1,0.9166666666666666
141,2218136128,0,1,1,1,1,1,0,1,1,1,1,0,6,3,9,2,1,3,0.75
142,2391070812,1,0,1,1,1,1,1,1,1,1,1,1,7,4,11,1,0,1,0.9166666666666666
143,2289937266,1,1,1,1,1,1,1,1,1,1,1,1,8,4,12,0,0,0,1
144,2239446440,1,1,0,1,0,0,1,1,0,1,1,0,5,2,7,3,2,5,0.5833333333333334
145,2202253363,0,1,0,0,1,0,1,0,0,1,0,0,3,1,4,5,3,8,0.3333333333333333
146,2361086830,0,0,0,0,1,1,1,0,1,0,1,1,3,3,6,5,1,6,0.5
147,2214042462,0,1,1,1,1,1,1,1,0,0,1,0,7,1,8,1,3,4,0.6666666666666666
148,2229162700,1,1,1,1,1,1,1,0,1,0,1,1,7,3,10,1,1,2,0.8333333333333334
149,2230643573,1,0,1,1,1,1,1,1,1,1,1,1,7,4,11,1,0,1,0.9166666666666666
150,2203596394,1,1,1,1,1,1,1,1,1,1,1,1,8,4,12,0,0,0,1
151,2312676588,1,1,1,1,1,1,1,1,1,1,0,1,8,3,11,0,1,1,0.9166666666666666
152,2341419438,1,1,1,1,1,1,1,1,1,1,1,1,8,4,12,0,0,0,1
153,2348772528,1,1,1,1,0,0,1,0,0,1,1,1,5,3,8,3,1,4,0.6666666666666666
154,2337455873,1,1,0,0,1,1,1,1,0,0,0,1,6,1,7,2,3,5,0.5833333333333334
155,2245065120,1,0,1,1,0,0,1,0,1,0,1,1,4,3,7,4,1,5,0.5833333333333334
156,2398625922,0,0,0,1,0,1,1,1,1,1,1,0,4,3,7,4,1,5,0.5833333333333334
157,2238092413,1,0,0,0,0,1,1,0,1,0,0,1,3,2,5,5,2,7,0.4166666666666667
158,2204428059,1,1,1,0,1,1,1,0,0,1,0,0,6,1,7,2,3,5,0.5833333333333334
159,2338149660,1,0,0,1,1,1,1,1,1,1,1,1,6,4,10,2,0,2,0.8333333333333334
160,2384249841,0,0,0,0,1,1,1,1,0,1,0,1,4,2,6,4,2,6,0.5
161,2354726808,1,1,1,1,1,1,1,1,1,1,1,1,8,4,12,0,0,0,1
162,2328468505,1,1,1,1,1,1,1,1,1,1,1,1,8,4,12,0,0,0,1
163,2212771340,1,0,1,1,1,1,0,0,1,1,1,1,5,4,9,3,0,3,0.75
164,2215567475,0,1,1,1,1,1,1,1,0,1,0,0,7,1,8,1,3,4,0.6666666666666666
165,2278802418,1,1,0,1,1,1,1,1,1,1,1,1,7,4,11,1,0,1,0.9166666666666666
166,2202350186,1,0,0,1,0,0,1,1,1,0,1,0,4,2,6,4,2,6,0.5
167,2220634597,1,0,0,0,1,1,1,1,1,1,1,1,5,4,9,3,0,3,0.75
168,2353165831,0,1,1,1,0,0,0,1,1,1,0,1,4,3,7,4,1,5,0.5833333333333334
169,2345584178,1,1,1,1,1,1,0,1,1,1,1,1,7,4,11,1,0,1,0.9166666666666666
170,2325742263,0,1,1,1,1,1,0,1,1,0,1,0,6,2,8,2,2,4,0.6666666666666666
171,2300169502,1,1,0,1,1,1,1,1,0,0,0,1,7,1,8,1,3,4,0.6666666666666666
172,2260834063,1,1,1,1,1,1,0,1,1,1,1,1,7,4,11,1,0,1,0.9166666666666666
173,2330256141,1,1,1,0,0,0,1,1,1,0,1,1,5,3,8,3,1,4,0.6666666666666666
174,2352291484,1,1,0,1,1,0,1,1,1,1,1,0,6,3,9,2,1,3,0.75
175,2304471637,0,1,1,1,1,1,1,1,1,1,1,1,7,4,11,1,0,1,0.9166666666666666
176,2313926507,0,1,1,1,1,1,1,1,1,1,1,1,7,4,11,1,0,1,0.9166666666666666
177,2356152242,1,1,1,1,1,1,1,1,1,0,0,1,8,2,10,0,2,2,0.8333333333333334
178,2330511452,1,1,0,0,0,1,1,1,1,1,1,1,5,4,9,3,0,3,0.75
179,2327612591,1,1,1,1,0,1,1,1,1,1,1,1,7,4,11,1,0,1,0.9166666666666666
180,2338049144,1,1,1,1,1,1,1,1,1,1,1,1,8,4,12,0,0,0,1
181,2294441106,0,1,1,1,1,1,1,1,1,1,1,1,7,4,11,1,0,1,0.9166666666666666
182,2302221717,1,1,1,1,0,1,1,1,1,1,1,1,7,4,11,1,0,1,0.9166666666666666
183,2381844406,1,1,0,0,0,1,0,1,1,1,0,0,4,2,6,4,2,6,0.5
184,2233179636,1,0,1,1,1,1,1,1,1,1,1,1,7,4,11,1,0,1,0.9166666666666666
185,2209740968,1,1,1,1,1,1,1,1,1,1,1,1,8,4,12,0,0,0,1
186,2365573495,1,1,1,1,0,1,1,0,1,1,1,1,6,4,10,2,0,2,0.8333333333333334
187,2327966487,1,1,1,1,1,1,1,1,0,1,0,1,8,2,10,0,2,2,0.8333333333333334
188,2297895005,1,1,1,1,1,1,1,1,1,1,1,1,8,4,12,0,0,0,1
189,2372954559,1,1,1,1,1,1,1,1,1,1,1,0,8,3,11,0,1,1,0.9166666666666666
190,2234565145,1,1,1,0,1,0,1,1,1,1,1,1,6,4,10,2,0,2,0.8333333333333334
191,2319959971,0,0,1,1,1,1,1,1,1,0,1,1,6,3,9,2,1,3,0.75
192,2294192280,1,1,1,1,0,0,1,1,1,1,0,1,6,3,9,2,1,3,0.75
193,2263066409,0,1,1,1,1,1,1,1,1,1,1,1,7,4,11,1,0,1,0.9166666666666666
194,2237674735,1,1,1,1,1,0,0,1,1,1,0,0,6,2,8,2,2,4,0.6666666666666666
195,2333494252,1,0,0,1,1,1,1,1,1,0,1,1,6,3,9,2,1,3,0.75
196,2267347095,1,0,0,1,0,0,1,0,0,1,1,1,3,3,6,5,1,6,0.5
197,2370895207,0,1,1,1,1,0,1,1,0,1,0,0,6,1,7,2,3,5,0.5833333333333334
198,2389261339,0,0,0,0,0,1,0,1,0,0,0,0,2,0,2,6,4,10,0.1666666666666667
199,2346927029,1,1,1,1,1,1,1,1,1,1,0,1,8,3,11,0,1,1,0.9166666666666666
200,2377708219,1,1,1,1,1,1,1,1,1,1,1,1,8,4,12,0,0,0,1
201,2354279915,1,1,1,1,1,0,0,0,0,1,1,0,5,2,7,3,2,5,0.5833333333333334
202,2272354341,1,0,1,1,0,1,0,1,0,1,0,1,5,2,7,3,2,5,0.5833333333333334
203,2245777535,1,1,1,1,1,1,1,1,1,1,1,1,8,4,12,0,0,0,1
204,2322441132,1,1,0,1,0,0,0,1,1,1,1,0,4,3,7,4,1,5,0.5833333333333334
205,2242904682,1,1,1,1,0,0,0,0,1,0,0,1,4,2,6,4,2,6,0.5
206,2290762037,1,1,1,1,1,0,1,1,0,1,1,0,7,2,9,1,2,3,0.75
207,2355418798,0,1,1,1,1,1,1,0,1,0,0,1,6,2,8,2,2,4,0.6666666666666666
208,2376086606,1,1,1,1,1,0,1,1,1,1,1,0,7,3,10,1,1,2,0.8333333333333334
209,2240142849,0,1,0,1,1,1,0,0,0,1,1,1,4,3,7,4,1,5,0.5833333333333334
210,2347679633,0,0,1,1,0,0,1,1,0,1,1,1,4,3,7,4,1,5,0.5833333333333334
211,2206121299,1,1,0,1,1,0,0,0,1,0,0,0,4,1,5,4,3,7,0.4166666666666667
212,2205931756,1,0,1,0,1,0,0,1,1,1,1,1,4,4,8,4,0,4,0.6666666666666666
213,2242003289,1,0,1,1,1,0,1,0,0,1,0,1,5,2,7,3,2,5,0.5833333333333334
214,2240063487,1,0,0,1,1,1,0,1,1,0,0,0,5,1,6,3,3,6,0.5
215,2297438481,1,1,1,0,1,1,1,1,0,0,0,0,7,0,7,1,4,5,0.5833333333333334
216,2248534066,1,1,1,1,1,1,1,1,1,1,1,1,8,4,12,0,0,0,1
217,2307196070,0,1,1,1,0,1,0,1,1,0,1,0,5,2,7,3,2,5,0.5833333333333334
218,2387861716,1,0,0,1,1,1,1,1,0,1,1,1,6,3,9,2,1,3,0.75
219,2302650770,1,1,1,1,1,1,1,1,1,1,1,1,8,4,12,0,0,0,1
220,2334853256,1,1,1,1,1,1,1,1,1,1,1,1,8,4,12,0,0,0,1
221,2210857232,1,1,0,1,1,1,1,1,1,1,1,1,7,4,11,1,0,1,0.9166666666666666
222,2299937100,1,0,1,1,1,1,1,1,0,1,1,0,7,2,9,1,2,3,0.75
223,2364435479,1,0,0,0,1,0,1,1,1,1,1,0,4,3,7,4,1,5,0.5833333333333334
224,2351435390,0,1,0,0,1,1,1,1,0,1,1,0,5,2,7,3,2,5,0.5833333333333334
225,2381515584,1,0,1,1,1,1,1,0,1,1,0,1,6,3,9,2,1,3,0.75
226,2276285414,1,0,0,1,0,1,0,1,0,1,1,1,4,3,7,4,1,5,0.5833333333333334
227,2301452759,1,1,1,0,1,1,1,1,1,1,1,1,7,4,11,1,0,1,0.9166666666666666
228,2284478411,1,1,0,1,0,1,1,1,0,1,0,1,6,2,8,2,2,4,0.6666666666666666
229,2231725229,1,1,1,1,1,1,1,1,0,1,1,0,8,2,10,0,2,2,0.8333333333333334
230,2215441794,1,0,1,0,0,1,0,1,0,0,1,0,4,1,5,4,3,7,0.4166666666666667
231,2366609131,1,1,0,0,0,1,0,0,1,1,1,0,3,3,6,5,1,6,0.5
232,2288474989,1,1,1,1,1,1,1,1,1,1,1,1,8,4,12,0,0,0,1
233,2378868622,1,1,1,1,1,1,1,1,1,1,1,1,8,4,12,0,0,0,1
234,2240386287,1,1,0,0,0,1,1,0,1,0,0,1,4,2,6,4,2,6,0.5
235,2348340230,1,1,1,1,1,1,1,1,1,1,1,1,8,4,12,0,0,0,1
236,2380869494,0,0,1,1,0,1,1,1,0,1,0,1,5,2,7,3,2,5,0.5833333333333334
237,2250872901,1,1,1,1,1,1,1,1,1,1,1,1,8,4,12,0,0,0,1
238,2339767588,0,1,1,1,1,1,0,0,0,1,1,0,5,2,7,3,2,5,0.5833333333333334
239,2278633800,1,1,1,1,0,1,1,0,0,1,0,0,6,1,7,2,3,5,0.5833333333333334
240,2274878030,1,1,1,1,1,1,1,1,1,1,1,1,8,4,12,0,0,0,1
241,2378346525,1,1,1,1,1,1,1,1,0,1,1,1,8,3,11,0,1,1,0.9166666666666666
242,2204184460,1,1,1,0,1,1,1,0,1,1,1,0,6,3,9,2,1,3,0.75
243,2285092729,1,1,1,1,0,1,1,1,1,1,0,1,7,3,10,1,1,2,0.8333333333333334
244,2235871713,1,1,1,1,0,1,0,1,1,1,1,1,6,4,10,2,0,2,0.8333333333333334
245,2332995560,1,0,0,0,0,1,0,1,0,0,0,1,3,1,4,5,3,8,0.3333333333333333
246,2379403770,1,1,1,1,1,1,1,1,1,1,1,1,8,4,12,0,0,0,1
247,2299074333,1,0,1,1,1,0,1,1,1,1,0,1,6,3,9,2,1,3,0.75
248,2305358990,0,1,1,1,1,1,1,1,0,1,1,1,7,3,10,1,1,2,0.8333333333333334
249,2366992993,1,1,1,1,1,1,1,1,1,1,1,1,8,4,12,0,0,0,1
250,2347534835,0,1,0,1,1,1,1,1,1,1,1,1,6,4,10,2,0,2,0.8333333333333334
251,2222668810,1,1,0,1,1,1,1,1,1,0,0,1,7,2,9,1,2,3,0.75
252,2202226761,0,1,1,1,1,1,1,1,1,1,0,0,7,2,9,1,2,3,0.75
253,2317681281,1,1,1,0,1,1,1,0,0,0,1,1,6,2,8,2,2,4,0.6666666666666666
254,2227323891,0,0,1,1,1,1,0,1,0,0,0,1,5,1,6,3,3,6,0.5
255,2209615327,1,1,1,1,0,1,0,1,1,1,1,1,6,4,10,2,0,2,0.8333333333333334
256,2325221974,1,1,1,1,1,0,0,1,1,1,1,1,6,4,10,2,0,2,0.8333333333333334
257,2265561813,1,0,1,0,1,1,0,1,1,1,0,1,5,3,8,3,1,4,0.6666666666666666
258,2389952270,1,1,1,1,1,1,1,1,1,1,0,1,8,3,11,0,1,1,0.9166666666666666
259,2299132256,1,1,1,0,0,1,1,0,0,0,1,1,5,2,7,3,2,5,0.5833333333333334
260,2335606985,0,0,1,0,0,0,0,1,1,0,1,0,2,2,4,6,2,8,0.3333333333333333
261,2340771023,1,1,0,1,0,1,0,1,0,1,0,1,5,2,7,3,2,5,0.5833333333333334
262,2320522579,1,0,1,0,1,0,0,0,1,0,1,1,3,3,6,5,1,6,0.5
263,2285993601,1,1,1,1,1,0,1,0,1,0,1,1,6,3,9,2,1,3,0.75
264,2202152742,1,1,1,1,1,1,1,1,1,1,1,1,8,4,12,0,0,0,1
265,2288608332,1,1,1,1,1,1,1,1,1,1,1,1,8,4,12,0,0,0,1
266,2304646317,1,1,1,0,1,0,1,0,0,1,1,0,5,2,7,3,2,5,0.5833333333333334
267,2218747818,0,1,1,1,0,1,0,1,1,1,0,0,5,2,7,3,2,5,0.5833333333333334
268,2261269188,1,1,1,1,1,1,1,1,1,1,1,1,8,4,12,0,0,0,1
269,2369576404,1,1,1,1,1,1,1,1,1,1,1,1,8,4,12,0,0,0,1
270,2372515901,0,1,1,1,1,1,1,1,1,1,1,1,7,4,11,1,0,1,0.9166666666666666
271,2244762803,1,1,1,1,1,1,1,1,0,1,1,1,8,3,11,0,1,1,0.9166666666666666
272,2292817041,0,0,1,0,1,1,0,0,1,1,1,1,3,4,7,5,0,5,0.5833333333333334
273,2326918333,0,1,1,1,1,1,1,1,1,1,1,1,7,4,11,1,0,1,0.9166666666666666
274,2336535539,1,0,1,0,1,1,1,0,0,1,1,1,5,3,8,3,1,4,0.6666666666666666
275,2339043202,0,0,0,0,1,1,0,1,1,0,1,0,3,2,5,5,2,7,0.4166666666666667
276,2310328988,1,1,1,0,1,1,1,1,1,1,1,1,7,4,11,1,0,1,0.9166666666666666
277,2360708581,1,1,1,1,1,1,1,1,1,1,1,1,8,4,12,0,0,0,1
278,2227737080,1,0,1,1,1,1,1,1,0,1,0,1,7,2,9,1,2,3,0.75
279,2346097145,0,0,1,1,1,1,0,0,0,0,0,0,4,0,4,4,4,8,0.3333333333333333
280,2384978726,1,1,1,1,1,1,1,1,1,1,1,1,8,4,12,0,0,0,1
281,2303159388,1,1,1,1,1,1,1,1,1,1,1,1,8,4,12,0,0,0,1
282,2314057666,1,1,1,0,1,0,1,1,0,1,0,0,6,1,7,2,3,5,0.5833333333333334
283,2344836851,0,1,0,0,1,1,1,1,0,0,1,1,5,2,7,3,2,5,0.5833333333333334
284,2379095300,0,1,0,1,0,1,1,0,1,1,0,1,4,3,7,4,1,5,0.5833333333333334
285,2325147824,0,0,1,1,1,1,1,1,1,0,1,0,6,2,8,2,2,4,0.6666666666666666
286,2331293833,1,1,1,1,1,1,1,1,1,1,1,1,8,4,12,0,0,0,1
287,2395410204,1,1,0,1,1,0,1,0,1,1,1,1,5,4,9,3,0,3,0.75
288,2258474349,0,1,0,1,1,1,0,0,1,0,1,0,4,2,6,4,2,6,0.5
289,2349371767,0,0,0,1,0,1,1,0,0,0,1,1,3,2,5,5,2,7,0.4166666666666667
290,2393571843,0,0,1,1,1,1,1,1,0,1,0,1,6,2,8,2,2,4,0.6666666666666666
291,2268002447,1,1,1,1,1,1,1,1,1,1,1,1,8,4,12,0,0,0,1
292,2374706378,1,0,1,0,1,1,0,1,1,1,1,0,5,3,8,3,1,4,0.6666666666666666
293,2392545800,1,1,1,1,1,1,1,0,1,1,1,1,7,4,11,1,0,1,0.9166666666666666
294,2384681546,1,1,1,1,1,1,1,1,0,1,0,1,8,2,10,0,2,2,0.8333333333333334
295,2336436960,1,1,1,1,1,1,1,1,1,1,1,1,8,4,12,0,0,0,1
296,2335005829,0,0,1,0,1,1,0,1,1,0,1,0,4,2,6,4,2,6,0.5
297,2390505463,1,1,1,1,1,1,1,1,1,1,1,1,8,4,12,0,0,0,1
298,2202107490,0,1,1,1,1,1,0,0,0,1,1,1,5,3,8,3,1,4,0.6666666666666666
299,2289429865,1,1,1,1,1,1,1,1,1,1,1,1,8,4,12,0,0,0,1
300,2277486894,0,1,1,0,1,1,1,1,1,1,1,0,6,3,9,2,1,3,0.75
301,2342821842,1,1,1,1,1,1,1,1,0,1,1,1,8,3,11,0,1,1,0.9166666666666666
302,2222110726,1,0,1,1,1,1,1,0,0,0,1,0,6,1,7,2,3,5,0.5833333333333334
303,2241476946,1,1,1,1,1,1,1,1,1,1,1,1,8,4,12,0,0,0,1
304,2263073727,0,1,1,1,1,0,1,1,1,1,1,1,6,4,10,2,0,2,0.8333333333333334
305,2251404122,0,1,1,1,1,1,1,1,0,1,0,1,7,2,9,1,2,3,0.75
306,2348348834,1,0,1,1,1,1,0,1,0,1,1,1,6,3,9,2,1,3,0.75
307,2360739119,1,1,0,1,1,1,1,1,0,1,1,1,7,3,10,1,1,2,0.8333333333333334
308,2287648915,1,1,0,1,0,1,1,1,1,1,1,1,6,4,10,2,0,2,0.8333333333333334
309,2237905418,1,1,0,1,1,1,1,1,1,1,1,1,7,4,11,1,0,1,0.9166666666666666
310,2387304718,1,1,1,1,1,1,1,0,1,1,1,0,7,3,10,1,1,2,0.8333333333333334
311,2255891248,1,1,1,1,0,1,1,1,0,1,1,1,7,3,10,1,1,2,0.8333333333333334
312,2242682245,1,0,1,1,0,1,0,1,1,0,1,0,5,2,7,3,2,5,0.5833333333333334
313,2259113310,1,1,1,1,1,1,0,0,1,1,1,1,6,4,10,2,0,2,0.8333333333333334
314,2295516556,0,1,1,1,1,1,0,0,0,0,1,0,5,1,6,3,3,6,0.5
315,2346411242,1,1,1,1,1,1,1,0,1,1,1,1,7,4,11,1,0,1,0.9166666666666666
316,2201323521,1,1,1,1,1,1,1,1,1,1,1,1,8,4,12,0,0,0,1
317,2307017469,1,1,1,1,1,1,1,1,1,1,1,1,8,4,12,0,0,0,1
318,2262060404,1,1,0,1,0,1,1,1,1,1,1,1,6,4,10,2,0,2,0.8333333333333334
319,2258478990,1,1,1,1,1,0,0,1,1,0,1,0,6,2,8,2,2,4,0.6666666666666666
320,2268303111,0,1,0,1,1,1,1,1,1,1,1,0,6,3,9,2,1,3,0.75
321,2249900807,1,1,1,1,1,1,1,1,1,1,1,1,8,4,12,0,0,0,1
322,2327203262,1,1,1,1,1,1,1,1,1,1,0,1,8,3,11,0,1,1,0.9166666666666666
323,2277683182,1,1,1,0,1,1,1,1,0,1,1,0,7,2,9,1,2,3,0.75
324,2246642806,1,1,1,0,1,1,1,1,1,1,1,1,7,4,11,1,0,1,0.9166666666666666
325,2320692153,1,0,1,1,1,1,1,1,1,1,0,0,7,2,9,1,2,3,0.75
326,2260721939,1,1,0,0,1,0,1,0,0,1,1,0,4,2,6,4,2,6,0.5
327,2383491404,1,1,1,0,1,1,1,0,1,1,1,1,6,4,10,2,0,2,0.8333333333333334
328,2291663304,1,0,0,1,0,1,1,1,1,1,1,0,5,3,8,3,1,4,0.6666666666666666
329,2301353534,0,1,1,1,0,1,1,0,0,0,1,1,5,2,7,3,2,5,0.5833333333333334
330,2319605626,1,1,1,1,1,0,1,1,1,1,1,1,7,4,11,1,0,1,0.9166666666666666
331,2264301084,0,1,1,1,1,1,0,0,1,1,0,1,5,3,8,3,1,4,0.6666666666666666
332,2292958195,1,1,1,1,1,1,1,1,1,1,1,1,8,4,12,0,0,0,1
333,2243705994,0,1,0,0,1,1,1,1,1,1,1,0,5,3,8,3,1,4,0.6666666666666666
334,2211864986,1,1,0,1,1,1,0,0,1,1,1,1,5,4,9,3,0,3,0.75
335,2324196303,1,1,1,1,1,1,1,1,1,1,1,1,8,4,12,0,0,0,1
336,2225307125,1,1,1,1,1,1,0,1,1,1,1,1,7,4,11,1,0,1,0.9166666666666666
337,2369551106,1,1,1,1,1,1,1,1,0,0,1,0,8,1,9,0,3,3,0.75
338,2267666489,1,0,1,1,1,1,1,1,0,1,1,1,7,3,10,1,1,2,0.8333333333333334
339,2214470226,0,1,1,1,0,1,1,1,0,1,1,1,6,3,9,2,1,3,0.75
340,2374874390,1,1,1,1,0,1,1,0,0,0,0,0,6,0,6,2,4,6,0.5
341,2325011689,1,1,1,1,1,1,1,1,1,1,1,1,8,4,12,0,0,0,1
342,2265414091,1,1,1,1,0,1,0,1,1,1,0,1,6,3,9,2,1,3,0.75
343,2298174174,1,1,1,1,1,1,1,1,1,1,0,1,8,3,11,0,1,1,0.9166666666666666
344,2398601437,1,1,1,0,1,0,1,1,1,1,1,1,6,4,10,2,0,2,0.8333333333333334
345,2248661958,1,1,1,1,1,1,1,1,1,1,0,1,8,3,11,0,1,1,0.9166666666666666
346,2385747743,0,0,1,1,1,1,0,0,1,1,1,1,4,4,8,4,0,4,0.6666666666666666
347,2354062999,0,0,1,1,0,1,1,1,1,1,1,0,5,3,8,3,1,4,0.6666666666666666
348,2216611326,1,1,1,1,1,1,0,1,0,0,0,1,7,1,8,1,3,4,0.6666666666666666
349,2341397316,0,0,1,0,1,0,1,1,1,0,0,1,4,2,6,4,2,6,0.5
350,2336169615,1,1,0,1,1,1,1,1,1,0,1,1,7,3,10,1,1,2,0.8333333333333334
351,2273806082,0,1,1,1,1,1,1,1,1,0,1,0,7,2,9,1,2,3,0.75
352,2228094003,1,0,1,1,1,1,1,1,1,1,1,1,7,4,11,1,0,1,0.9166666666666666
353,2204418243,1,1,1,1,1,1,1,0,1,1,1,1,7,4,11,1,0,1,0.9166666666666666
354,2389620710,1,1,0,1,1,1,1,1,1,0,0,1,7,2,9,1,2,3,0.75
355,2251113051,1,0,1,1,0,1,1,1,1,1,1,1,6,4,10,2,0,2,0.8333333333333334
356,2253999753,1,1,1,1,0,1,1,0,1,1,1,1,6,4,10,2,0,2,0.8333333333333334
357,2202703236,0,0,1,1,1,1,1,1,1,1,0,1,6,3,9,2,1,3,0.75
358,2303455440,1,1,1,1,1,0,1,1,1,1,1,1,7,4,11,1,0,1,0.9166666666666666
359,2352227781,1,1,1,1,1,1,1,1,1,0,1,1,8,3,11,0,1,1,0.9166666666666666
360,2268407153,1,1,1,0,0,0,1,0,1,1,0,1,4,3,7,4,1,5,0.5833333333333334
361,2364539884,1,0,1,1,1,1,0,0,1,1,1,0,5,3,8,3,1,4,0.6666666666666666
362,2389506366,1,1,1,1,1,0,1,1,1,0,1,0,7,2,9,1,2,3,0.75
363,2244579195,1,0,1,0,0,0,0,1,1,0,0,0,3,1,4,5,3,8,0.3333333333333333
364,2237768705,0,0,1,0,1,0,1,0,1,1,1,0,3,3,6,5,1,6,0.5
365,2374510725,1,1,1,1,0,0,1,1,1,1,0,0,6,2,8,2,2,4,0.6666666666666666
366,2319032082,0,1,1,1,1,1,0,0,0,0,1,1,5,2,7,3,2,5,0.5833333333333334
367,2287506934,1,1,1,1,0,1,1,1,1,1,1,1,7,4,11,1,0,1,0.9166666666666666
368,2370630214,1,1,1,0,1,1,1,1,1,1,1,1,7,4,11,1,0,1,0.9166666666666666
369,2241887146,1,1,1,1,1,1,1,1,1,0,0,1,8,2,10,0,2,2,0.8333333333333334
370,2230973452,1,1,1,1,1,1,1,1,1,1,1,1,8,4,12,0,0,0,1
371,2276965211,1,1,1,1,1,1,0,1,1,0,0,1,7,2,9,1,2,3,0.75
372,2339306208,1,1,1,1,1,1,1,1,0,1,1,1,8,3,11,0,1,1,0.9166666666666666
373,2314685224,0,1,0,1,1,1,0,0,1,0,0,0,4,1,5,4,3,7,0.4166666666666667
374,2384137293,1,1,1,1,1,1,1,1,1,1,1,0,8,3,11,0,1,1,0.9166666666666666
375,2233827029,1,1,0,1,0,1,1,0,1,0,1,1,5,3,8,3,1,4,0.6666666666666666
376,2302037265,1,1,1,1,1,1,0,1,0,0,0,1,7,1,8,1,3,4,0.6666666666666666
377,2208752822,1,1,1,1,0,1,0,1,0,1,1,0,6,2,8,2,2,4,0.6666666666666666
378,2364868461,1,1,1,1,0,1,0,0,1,1,1,1,5,4,9,3,0,3,0.75
379,2347294138,1,1,1,1,0,1,1,1,0,1,1,1,7,3,10,1,1,2,0.8333333333333334
380,2393642235,1,1,1,1,1,1,1,1,1,1,1,1,8,4,12,0,0,0,1
381,2373963196,1,0,1,1,1,0,1,1,1,1,1,0,6,3,9,2,1,3,0.75
382,2295753872,1,1,1,1,1,1,1,1,1,1,1,1,8,4,12,0,0,0,1
383,2301040749,1,1,1,1,0,1,1,1,1,1,1,1,7,4,11,1,0,1,0.9166666666666666
384,2266768101,1,1,1,1,0,1,1,1,1,1,1,1,7,4,11,1,0,1,0.9166666666666666
385,2381349195,1,1,1,1,1,1,1,1,1,1,1,1,8,4,12,0,0,0,1
386,2374953281,1,1,1,1,1,1,1,1,1,0,1,1,8,3,11,0,1,1,0.9166666666666666
387,2322145858,1,1,0,0,1,0,1,1,1,1,1,1,5,4,9,3,0,3,0.75
388,2350321856,0,1,1,1,1,1,0,1,0,1,1,1,6,3,9,2,1,3,0.75
389,2274349499,0,1,0,0,1,0,1,0,1,0,1,1,3,3,6,5,1,6,0.5
390,2213624887,1,1,1,1,1,0,1,1,0,0,0,0,7,0,7,1,4,5,0.5833333333333334
391,2208209842,0,0,0,1,1,0,1,1,1,1,0,1,4,3,7,4,1,5,0.5833333333333334
392,2263225124,1,1,1,1,0,1,1,1,1,1,1,1,7,4,11,1,0,1,0.9166666666666666
393,2345335552,1,1,1,1,1,1,0,1,1,1,1,1,7,4,11,1,0,1,0.9166666666666666
394,2229411407,1,1,1,1,0,1,1,1,1,0,0,1,7,2,9,1,2,3,0.75
395,2305722408,1,1,1,1,0,1,0,1,1,0,0,1,6,2,8,2,2,4,0.6666666666666666
396,2213880776,1,1,0,1,1,1,1,1,1,0,0,1,7,2,9,1,2,3,0.75
397,2296498286,1,1,1,0,0,1,0,0,1,1,0,1,4,3,7,4,1,5,0.5833333333333334
398,2399499006,1,1,0,1,0,0,1,1,1,1,1,1,5,4,9,3,0,3,0.75
399,2304507062,1,1,0,1,1,1,1,1,0,1,1,1,7,3,10,1,1,2,0.8333333333333334
400,2291367572,1,1,1,1,0,1,1,0,1,0,1,0,6,2,8,2,2,4,0.6666666666666666
401,2399618043,1,1,1,1,0,1,1,1,1,1,0,1,7,3,10,1,1,2,0.8333333333333334
402,2288774005,0,0,1,1,0,1,0,1,1,1,1,1,4,4,8,4,0,4,0.6666666666666666
403,2389293183,0,1,1,1,1,0,1,1,1,0,1,1,6,3,9,2,1,3,0.75
404,2223013864,1,1,1,0,1,1,1,1,1,0,1,1,7,3,10,1,1,2,0.8333333333333334
405,2378272106,0,0,1,1,1,1,1,1,1,1,1,1,6,4,10,2,0,2,0.8333333333333334
406,2307738286,1,1,1,1,0,1,1,1,1,1,1,1,7,4,11,1,0,1,0.9166666666666666
407,2297269631,1,1,1,1,1,1,1,0,1,1,0,1,7,3,10,1,1,2,0.8333333333333334
408,2377384472,1,1,0,0,1,0,1,1,0,1,1,1,5,3,8,3,1,4,0.6666666666666666
409,2320881291,0,1,0,0,0,1,1,1,1,0,1,1,4,3,7,4,1,5,0.5833333333333334
410,2363353704,1,1,1,1,1,1,1,1,1,1,1,1,8,4,12,0,0,0,1
411,2333658954,1,1,1,0,1,1,0,1,1,0,1,1,6,3,9,2,1,3,0.75
412,2332048494,0,1,1,1,1,1,1,0,1,0,0,1,6,2,8,2,2,4,0.6666666666666666
413,2285566939,0,1,1,1,1,1,0,1,0,1,0,1,6,2,8,2,2,4,0.6666666666666666
414,2285732731,1,1,1,1,0,1,0,1,1,0,1,1,6,3,9,2,1,3,0.75
415,2273923004,1,1,1,1,1,1,0,1,0,0,0,1,7,1,8,1,3,4,0.6666666666666666
416,2319008841,1,1,1,1,1,1,0,0,1,1,1,0,6,3,9,2,1,3,0.75
417,2322814585,1,1,1,1,0,1,0,0,0,1,0,1,5,2,7,3,2,5,0.5833333333333334
418,2375300857,1,1,0,1,0,0,1,0,1,0,1,1,4,3,7,4,1,5,0.5833333333333334
419,2379882306,1,1,1,1,1,1,0,1,0,1,1,1,7,3,10,1,1,2,0.8333333333333334
420,2305124554,1,1,0,0,1,0,0,0,1,0,0,1,3,2,5,5,2,7,0.4166666666666667
421,2320845885,1,0,0,1,0,1,1,0,0,0,0,0,4,0,4,4,4,8,0.3333333333333333
422,2367610772,1,0,1,1,1,1,1,1,0,0,1,1,7,2,9,1,2,3,0.75
423,2236446338,1,1,0,0,1,1,1,1,1,1,1,1,6,4,10,2,0,2,0.8333333333333334
424,2236917442,1,1,1,1,0,1,1,1,1,1,1,0,7,3,10,1,1,2,0.8333333333333334
425,2225269195,0,1,1,1,1,1,1,1,1,1,1,1,7,4,11,1,0,1,0.9166666666666666
426,2394213232,1,1,1,1,1,0,1,1,1,1,1,1,7,4,11,1,0,1,0.9166666666666666
427,2311428629,1,1,1,0,1,1,1,1,1,1,1,0,7,3,10,1,1,2,0.8333333333333334
428,2352351145,1,1,1,1,1,1,1,1,1,1,1,1,8,4,12,0,0,0,1
429,2278320293,0,1,0,1,0,0,0,1,1,1,1,0,3,3,6,5,1,6,0.5
430,2336081039,1,1,1,1,1,1,1,1,1,1,1,1,8,4,12,0,0,0,1
431,2323089994,1,1,0,0,1,0,1,1,1,1,1,0,5,3,8,3,1,4,0.6666666666666666
432,2334158860,1,1,1,1,1,1,1,1,1,1,1,1,8,4,12,0,0,0,1
433,2248224269,1,1,1,0,1,0,0,1,1,1,1,0,5,3,8,3,1,4,0.6666666666666666
434,2236119122,1,1,0,1,1,1,1,1,1,1,1,1,7,4,11,1,0,1,0.9166666666666666
435,2356921380,1,1,1,1,0,1,1,1,1,0,1,1,7,3,10,1,1,2,0.8333333333333334
436,2389274612,1,1,1,1,1,1,0,1,1,1,1,1,7,4,11,1,0,1,0.9166666666666666
437,2265886551,1,1,1,1,1,1,1,1,1,1,1,1,8,4,12,0,0,0,1
438,2225355797,1,1,1,1,1,0,0,1,1,1,1,0,6,3,9,2,1,3,0.75
439,2208318465,1,0,1,1,1,1,1,1,0,0,0,1,7,1,8,1,3,4,0.6666666666666666
440,2358094388,1,1,1,1,0,1,1,1,0,1,1,1,7,3,10,1,1,2,0.8333333333333334
441,2262604657,0,1,1,1,1,1,1,0,1,1,1,1,6,4,10,2,0,2,0.8333333333333334
442,2222380137,1,1,1,1,1,1,0,1,1,1,1,0,7,3,10,1,1,2,0.8333333333333334
443,2379473103,0,0,0,1,1,1,1,0,1,1,1,1,4,4,8,4,0,4,0.6666666666666666
444,2273536065,1,1,1,0,1,1,1,0,1,1,0,0,6,2,8,2,2,4,0.6666666666666666
445,2392116802,1,1,1,1,1,1,1,1,1,1,1,1,8,4,12,0,0,0,1
446,2348200538,1,1,1,1,0,1,0,1,1,1,1,1,6,4,10,2,0,2,0.8333333333333334
447,2250680804,1,1,1,1,1,0,1,0,1,1,1,1,6,4,10,2,0,2,0.8333333333333334
448,2339061003,1,1,1,1,1,1,0,1,1,1,1,1,7,4,11,1,0,1,0.9166666666666666
449,2229326817,1,1,1,0,0,1,0,1,0,0,0,0,5,0,5,3,4,7,0.4166666666666667
450,2276577693,1,1,1,1,0,1,1,1,1,1,0,1,7,3,10,1,1,2,0.8333333333333334
451,2321150441,1,1,1,1,1,1,1,0,1,0,1,1,7,3,10,1,1,2,0.8333333333333334
452,2219258539,1,1,1,1,0,1,1,1,1,0,0,1,7,2,9,1,2,3,0.75
453,2357316783,1,1,1,0,1,1,1,0,1,1,1,0,6,3,9,2,1,3,0.75
454,2316620269,0,1,1,1,1,0,1,1,1,0,0,0,6,1,7,2,3,5,0.5833333333333334
455,2382557213,1,1,0,1,1,1,0,1,1,0,1,1,6,3,9,2,1,3,0.75
456,2371746242,0,1,1,1,1,1,1,1,1,1,0,1,7,3,10,1,1,2,0.8333333333333334
457,2205676107,1,0,1,0,1,1,1,1,0,0,1,1,6,2,8,2,2,4,0.6666666666666666
458,2287473639,1,1,1,0,1,1,1,0,0,1,1,0,6,2,8,2,2,4,0.6666666666666666
459,2321166977,1,1,1,1,0,1,1,1,1,1,0,0,7,2,9,1,2,3,0.75
460,2205933026,1,0,1,0,1,0,0,0,1,1,1,1,3,4,7,5,0,5,0.5833333333333334
461,2276171183,1,0,1,1,1,1,0,0,1,1,0,0,5,2,7,3,2,5,0.5833333333333334
462,2381860563,0,0,1,0,1,0,1,1,0,0,1,1,4,2,6,4,2,6,0.5
463,2305657408,1,1,1,1,1,1,1,1,1,0,0,1,8,2,10,0,2,2,0.8333333333333334
464,2232195526,0,1,1,1,1,1,1,0,1,1,1,1,6,4,10,2,0,2,0.8333333333333334
465,2207833816,1,0,0,0,1,1,1,1,0,1,0,0,5,1,6,3,3,6,0.5
466,2237058860,1,1,1,1,1,1,1,1,1,0,0,0,8,1,9,0,3,3,0.75
467,2395346074,0,1,1,1,1,0,1,1,1,1,1,0,6,3,9,2,1,3,0.75
468,2382474885,1,1,1,1,1,1,1,1,1,0,1,1,8,3,11,0,1,1,0.9166666666666666
469,2316414431,1,1,1,1,1,1,1,1,1,0,1,1,8,3,11,0,1,1,0.9166666666666666
470,2357425583,1,1,1,1,0,0,0,1,1,1,1,0,5,3,8,3,1,4,0.6666666666666666
471,2320155069,1,1,1,0,1,0,1,1,0,1,1,1,6,3,9,2,1,3,0.75
472,2331730989,1,1,1,1,1,1,1,1,0,1,1,1,8,3,11,0,1,1,0.9166666666666666
473,2276221207,1,1,1,1,0,0,0,1,1,0,1,0,5,2,7,3,2,5,0.5833333333333334
474,2215908230,1,1,0,1,1,0,0,1,1,1,1,0,5,3,8,3,1,4,0.6666666666666666
475,2300079290,1,0,0,0,1,1,0,1,1,1,1,1,4,4,8,4,0,4,0.6666666666666666
476,2291944691,1,1,1,1,1,1,1,1,1,1,0,1,8,3,11,0,1,1,0.9166666666666666
477,2277869677,0,0,1,0,1,0,1,1,1,0,1,1,4,3,7,4,1,5,0.5833333333333334
478,2360514737,1,1,1,1,1,0,1,1,0,1,0,1,7,2,9,1,2,3,0.75
479,2305124959,0,1,1,0,1,1,1,1,1,1,1,1,6,4,10,2,0,2,0.8333333333333334
480,2203464394,1,1,1,1,1,0,1,1,1,1,1,1,7,4,11,1,0,1,0.9166666666666666
481,2286950689,1,1,1,1,1,1,1,1,1,1,0,1,8,3,11,0,1,1,0.9166666666666666
482,2313832588,1,1,1,0,1,0,0,1,0,1,0,1,5,2,7,3,2,5,0.5833333333333334
483,2373487905,1,0,1,1,1,1,0,1,1,0,1,1,6,3,9,2,1,3,0.75
484,2354008352,1,1,1,1,1,1,1,1,1,1,1,1,8,4,12,0,0,0,1
485,2296142366,1,1,1,0,1,0,1,1,1,0,1,0,6,2,8,2,2,4,0.6666666666666666
486,2399059538,1,1,1,0,1,1,1,1,1,0,1,1,7,3,10,1,1,2,0.8333333333333334
487,2220706382,1,0,0,0,1,1,1,1,1,1,1,1,5,4,9,3,0,3,0.75
488,2346452763,1,0,1,1,1,1,0,0,1,1,1,1,5,4,9,3,0,3,0.75
489,2248383555,1,1,0,0,0,1,1,1,1,1,1,1,5,4,9,3,0,3,0.75
490,2295716233,0,1,1,0,1,0,1,1,1,1,1,0,5,3,8,3,1,4,0.6666666666666666
491,2309014670,1,1,1,1,1,1,1,1,1,1,1,1,8,4,12,0,0,0,1
492,2385554288,1,0,1,1,0,1,0,0,1,0,1,0,4,2,6,4,2,6,0.5
493,2336289323,0,0,1,0,1,1,1,1,1,1,1,1,5,4,9,3,0,3,0.75
494,2261145336,1,0,0,0,0,0,1,1,0,1,1,1,3,3,6,5,1,6,0.5
495,2349581651,1,1,1,0,1,1,1,0,1,1,1,1,6,4,10,2,0,2,0.8333333333333334
496,2204267705,1,0,1,1,1,1,1,1,1,1,1,1,7,4,11,1,0,1,0.9166666666666666
497,2303605236,1,1,1,1,1,0,1,1,1,1,1,1,7,4,11,1,0,1,0.9166666666666666
498,2203877733,1,1,1,1,0,0,1,0,0,1,1,1,5,3,8,3,1,4,0.6666666666666666
499,2269626377,0,0,1,1,1,1,1,1,1,1,1,1,6,4,10,2,0,2,0.8333333333333334
500,2301214407,1,0,1,0,1,0,1,0,0,0,0,1,4,1,5,4,3,7,0.4166666666666667
501,2371682105,1,1,1,0,1,1,1,1,1,1,1,1,7,4,11,1,0,1,0.9166666666666666
502,2359777738,1,1,1,1,0,1,0,1,0,0,0,1,6,1,7,2,3,5,0.5833333333333334
503,2378985769,1,1,0,1,1,1,1,0,1,1,1,1,6,4,10,2,0,2,0.8333333333333334
504,2353602648,1,1,1,1,1,1,0,0,1,1,1,1,6,4,10,2,0,2,0.8333333333333334
505,2392205934,1,1,1,1,1,1,1,1,1,1,1,1,8,4,12,0,0,0,1
506,2260193678,1,1,1,1,1,1,1,1,1,1,1,1,8,4,12,0,0,0,1
507,2319725393,1,1,1,1,1,0,1,1,0,1,1,1,7,3,10,1,1,2,0.8333333333333334
508,2222572710,1,1,0,1,1,1,1,1,1,1,1,1,7,4,11,1,0,1,0.9166666666666666
509,2206583635,1,1,1,1,1,1,1,1,1,0,1,1,8,3,11,0,1,1,0.9166666666666666
510,2361737591,0,1,0,0,1,1,1,1,0,0,0,1,5,1,6,3,3,6,0.5
511,2256922024,0,1,0,1,1,1,1,0,1,1,0,1,5,3,8,3,1,4,0.6666666666666666
512,2391487317,0,0,1,1,1,0,1,1,0,1,1,0,5,2,7,3,2,5,0.5833333333333334
513,2335018012,1,1,1,1,1,1,0,1,1,1,1,1,7,4,11,1,0,1,0.9166666666666666
514,2290433563,1,1,1,1,1,1,1,0,1,1,1,1,7,4,11,1,0,1,0.9166666666666666
515,2226219230,1,1,1,1,1,1,0,1,0,0,0,0,7,0,7,1,4,5,0.5833333333333334
516,2274142257,1,1,1,1,1,1,1,1,0,0,1,1,8,2,10,0,2,2,0.8333333333333334
517,2241702292,1,1,1,1,1,0,1,1,1,1,1,1,7,4,11,1,0,1,0.9166666666666666
518,2205755057,1,1,1,1,1,1,1,1,1,1,0,1,8,3,11,0,1,1,0.9166666666666666
519,2296101615,1,1,1,1,0,1,0,1,1,1,1,1,6,4,10,2,0,2,0.8333333333333334
520,2244891040,0,1,1,1,1,1,1,0,1,1,1,0,6,3,9,2,1,3,0.75
521,2277890517,1,1,1,1,1,1,1,1,1,1,1,1,8,4,12,0,0,0,1
522,2215945176,1,1,1,1,1,1,1,1,1,1,1,1,8,4,12,0,0,0,1
523,2267623170,1,1,1,1,0,1,1,0,0,1,1,0,6,2,8,2,2,4,0.6666666666666666
524,2220982657,1,1,1,1,1,1,1,1,1,1,1,1,8,4,12,0,0,0,1
525,2220102037,1,1,1,1,1,1,1,0,1,1,1,1,7,4,11,1,0,1,0.9166666666666666
526,2371194224,1,1,1,1,1,1,1,1,1,0,1,1,8,3,11,0,1,1,0.9166666666666666
527,2202925334,1,1,0,1,1,0,1,1,1,1,0,1,6,3,9,2,1,3,0.75
528,2337333567,1,1,0,1,0,1,1,1,1,1,1,0,6,3,9,2,1,3,0.75
529,2398018203,1,1,1,1,0,0,1,1,0,0,1,1,6,2,8,2,2,4,0.6666666666666666
530,2353702828,1,1,1,0,1,0,1,1,0,0,1,1,6,2,8,2,2,4,0.6666666666666666
531,2306353693,0,1,1,0,1,1,0,1,1,1,1,1,5,4,9,3,0,3,0.75
532,2219081711,1,0,1,1,1,1,1,1,0,1,1,1,7,3,10,1,1,2,0.8333333333333334
533,2260941694,0,1,1,0,1,1,0,1,0,1,1,0,5,2,7,3,2,5,0.5833333333333334
534,2241744595,1,1,1,1,0,1,1,1,1,1,1,1,7,4,11,1,0,1,0.9166666666666666
535,2204211010,1,1,0,1,1,1,1,1,0,1,1,1,7,3,10,1,1,2,0.8333333333333334
536,2373621322,1,1,1,1,1,0,1,1,0,1,1,1,7,3,10,1,1,2,0.8333333333333334
537,2380169022,1,1,0,1,1,1,1,0,1,1,1,0,6,3,9,2,1,3,0.75
538,2299348409,0,1,0,1,1,0,1,0,0,1,1,1,4,3,7,4,1,5,0.5833333333333334
539,2217874530,1,1,1,1,1,1,1,1,1,1,1,1,8,4,12,0,0,0,1
540,2308787620,1,1,0,1,1,0,0,1,0,0,1,1,5,2,7,3,2,5,0.5833333333333334
541,2317915849,0,1,1,1,1,1,1,1,1,1,1,1,7,4,11,1,0,1,0.9166666666666666
542,2255765587,1,1,0,1,1,0,1,1,1,0,1,0,6,2,8,2,2,4,0.6666666666666666
543,2266408257,1,1,1,1,1,1,1,1,1,0,1,1,8,3,11,0,1,1,0.9166666666666666
544,2258984679,1,0,1,0,0,1,0,1,1,0,0,1,4,2,6,4,2,6,0.5
545,2200211672,1,1,1,0,1,1,1,0,1,1,1,1,6,4,10,2,0,2,0.8333333333333334
546,2248607624,1,0,1,1,1,0,0,0,1,0,1,0,4,2,6,4,2,6,0.5
547,2321523460,1,1,1,1,1,1,1,1,1,1,1,1,8,4,12,0,0,0,1
548,2343097792,1,1,1,1,1,1,1,1,1,0,1,1,8,3,11,0,1,1,0.9166666666666666
549,2314716022,1,1,1,1,1,1,1,1,1,1,1,1,8,4,12,0,0,0,1
550,2212363128,0,1,0,1,1,1,1,1,0,1,1,1,6,3,9,2,1,3,0.75
551,2319554766,0,1,1,1,1,1,1,1,1,1,1,1,7,4,11,1,0,1,0.9166666666666666
552,2298793441,1,0,1,1,0,1,1,1,1,1,0,1,6,3,9,2,1,3,0.75
553,2236597814,1,1,1,1,1,1,1,1,1,1,1,0,8,3,11,0,1,1,0.9166666666666666
554,2279796020,1,1,1,1,1,0,0,1,0,1,0,1,6,2,8,2,2,4,0.6666666666666666
555,2303053120,0,0,1,0,1,0,0,1,1,1,0,1,3,3,6,5,1,6,0.5
556,2361748259,1,0,0,0,1,1,1,0,1,0,0,0,4,1,5,4,3,7,0.4166666666666667
557,2297553891,1,1,1,1,1,1,1,1,1,1,1,1,8,4,12,0,0,0,1
558,2267499382,1,0,1,1,0,1,0,0,1,0,1,1,4,3,7,4,1,5,0.5833333333333334
559,2385823900,0,1,1,1,0,1,1,1,1,1,1,1,6,4,10,2,0,2,0.8333333333333334
560,2334064430,0,0,1,0,1,0,1,1,1,0,1,1,4,3,7,4,1,5,0.5833333333333334
561,2367618848,1,1,1,0,0,0,1,1,1,1,0,1,5,3,8,3,1,4,0.6666666666666666
562,2292266847,1,1,1,1,1,0,1,1,1,1,1,1,7,4,11,1,0,1,0.9166666666666666
563,2320596751,1,0,1,1,1,1,0,1,1,0,1,1,6,3,9,2,1,3,0.75
564,2358767907,1,1,1,1,1,1,1,1,1,1,1,1,8,4,12,0,0,0,1
565,2277077372,0,1,1,0,0,0,1,1,1,1,1,1,4,4,8,4,0,4,0.6666666666666666
566,2353734869,1,1,0,1,1,1,0,0,0,0,1,1,5,2,7,3,2,5,0.5833333333333334
567,2332191676,1,0,0,1,0,1,1,1,1,1,1,1,5,4,9,3,0,3,0.75
568,2325447868,1,1,1,1,1,0,1,1,0,0,1,1,7,2,9,1,2,3,0.75
569,2391710170,1,1,1,0,1,0,1,1,1,1,1,1,6,4,10,2,0,2,0.8333333333333334
570,2276546113,1,0,1,1,1,0,1,1,0,0,1,0,6,1,7,2,3,5,0.5833333333333334
571,2263208031,1,1,1,1,1,1,1,1,1,0,0,1,8,2,10,0,2,2,0.8333333333333334
572,2233094797,0,0,0,1,1,1,0,0,1,1,1,1,3,4,7,5,0,5,0.5833333333333334
573,2361599506,1,1,1,1,1,1,0,1,1,1,1,0,7,3,10,1,1,2,0.8333333333333334
574,2268107326,1,1,0,0,0,0,1,0,1,1,1,1,3,4,7,5,0,5,0.5833333333333334
575,2351933499,1,1,1,1,1,1,0,1,1,1,1,0,7,3,10,1,1,2,0.8333333333333334
576,2219740374,0,0,0,0,1,1,1,0,1,1,0,1,3,3,6,5,1,6,0.5
577,2370612663,1,1,1,1,1,1,1,1,1,0,1,1,8,3,11,0,1,1,0.9166666666666666
578,2342127886,1,1,0,1,1,1,0,0,1,1,1,1,5,4,9,3,0,3,0.75
579,2233842083,0,1,1,0,1,1,1,1,1,0,1,1,6,3,9,2,1,3,0.75
580,2276201325,0,1,1,1,0,0,1,1,0,1,1,0,5,2,7,3,2,5,0.5833333333333334
581,2315351913,1,0,1,1,1,1,1,1,1,1,1,1,7,4,11,1,0,1,0.9166666666666666
582,2254317042,0,1,0,1,1,0,1,1,0,0,1,0,5,1,6,3,3,6,0.5
583,2321660436,1,1,1,1,1,1,1,1,1,1,0,1,8,3,11,0,1,1,0.9166666666666666
584,2266057615,1,1,1,0,1,1,0,1,1,1,0,0,6,2,8,2,2,4,0.6666666666666666
585,2318941886,1,0,0,1,1,1,0,1,1,1,1,1,5,4,9,3,0,3,0.75
586,2335263209,1,0,1,1,1,0,1,1,0,1,1,1,6,3,9,2,1,3,0.75
587,2365352336,1,1,1,0,1,1,0,1,0,1,1,1,6,3,9,2,1,3,0.75
588,2352089538,1,0,1,0,1,1,1,1,1,1,1,1,6,4,10,2,0,2,0.8333333333333334
589,2217750604,1,1,1,1,0,1,1,1,1,1,1,1,7,4,11,1,0,1,0.9166666666666666
590,2294576245,0,1,1,0,1,1,1,1,0,1,0,1,6,2,8,2,2,4,0.6666666666666666
591,2397904087,1,1,1,1,1,0,1,1,0,0,1,1,7,2,9,1,2,3,0.75
592,2342448146,1,1,1,0,1,1,0,1,0,1,0,1,6,2,8,2,2,4,0.6666666666666666
593,2311385458,1,1,1,1,1,1,1,0,1,1,0,1,7,3,10,1,1,2,0.8333333333333334
594,2216700385,1,1,1,0,0,1,1,1,0,0,1,1,6,2,8,2,2,4,0.6666666666666666
595,2397440365,0,0,1,1,0,1,1,1,1,1,1,1,5,4,9,3,0,3,0.75
596,2315496524,0,1,1,1,1,0,0,1,1,1,0,0,5,2,7,3,2,5,0.5833333333333334
597,2232030461,1,1,1,1,1,0,1,1,1,0,1,1,7,3,10,1,1,2,0.8333333333333334
598,2381999122,1,1,1,1,1,1,1,1,1,1,1,1,8,4,12,0,0,0,1
599,2367254040,1,0,1,1,1,1,1,1,1,0,1,1,7,3,10,1,1,2,0.8333333333333334
600,2338829231,0,1,1,1,1,1,1,0,1,1,1,1,6,4,10,2,0,2,0.8333333333333334
601,2257390124,1,1,1,1,1,1,1,1,1,1,1,1,8,4,12,0,0,0,1
602,2392919269,1,1,0,1,1,1,0,0,0,1,0,1,5,2,7,3,2,5,0.5833333333333334
603,2226766187,1,1,0,0,1,1,1,1,1,1,1,1,6,4,10,2,0,2,0.8333333333333334
604,2201659597,0,1,1,1,1,1,0,0,1,1,1,1,5,4,9,3,0,3,0.75
605,2356825624,1,0,1,1,1,1,1,1,0,1,1,1,7,3,10,1,1,2,0.8333333333333334
606,2270551402,0,1,1,0,1,0,1,1,0,1,1,0,5,2,7,3,2,5,0.5833333333333334
607,2367560429,1,1,0,1,1,1,1,1,0,0,1,1,7,2,9,1,2,3,0.75
608,2317454322,0,0,1,0,1,0,1,1,1,0,0,0,4,1,5,4,3,7,0.4166666666666667
609,2318280232,1,1,1,1,1,1,1,1,1,1,1,1,8,4,12,0,0,0,1
610,2238606372,1,1,1,1,1,1,1,1,0,1,0,0,8,1,9,0,3,3,0.75
611,2386957057,1,1,1,1,1,0,1,1,1,1,0,1,7,3,10,1,1,2,0.8333333333333334
612,2377852238,1,1,1,1,1,1,0,1,1,1,1,1,7,4,11,1,0,1,0.9166666666666666
613,2302589413,0,1,0,1,1,1,0,1,0,0,1,1,5,2,7,3,2,5,0.5833333333333334
614,2395834839,1,1,1,0,1,1,1,1,1,1,1,1,7,4,11,1,0,1,0.9166666666666666
615,2331801687,1,1,1,1,1,1,1,1,1,1,1,1,8,4,12,0,0,0,1
616,2214324917,1,0,0,0,0,1,0,1,0,0,1,1,3,2,5,5,2,7,0.4166666666666667
617,2229962797,0,1,1,1,1,1,0,1,1,1,1,1,6,4,10,2,0,2,0.8333333333333334
618,2347799466,1,0,1,1,0,1,0,1,0,1,0,0,5,1,6,3,3,6,0.5
619,2256729553,1,1,1,1,1,1,1,1,0,0,1,1,8,2,10,0,2,2,0.8333333333333334
620,2294324716,1,1,1,1,1,1,1,1,1,0,1,1,8,3,11,0,1,1,0.9166666666666666
621,2253112254,0,0,1,1,0,0,0,0,0,1,1,0,2,2,4,6,2,8,0.3333333333333333
622,2363061213,0,1,0,0,1,0,1,1,1,1,1,1,4,4,8,4,0,4,0.6666666666666666
623,2239415296,1,0,1,1,1,1,1,1,1,1,1,1,7,4,11,1,0,1,0.9166666666666666
624,2265120937,1,1,1,1,1,1,0,1,1,1,1,1,7,4,11,1,0,1,0.9166666666666666
625,2373140982,1,1,0,0,1,1,1,1,1,0,1,0,6,2,8,2,2,4,0.6666666666666666
626,2366169524,0,1,1,0,1,0,0,1,1,1,1,0,4,3,7,4,1,5,0.5833333333333334
627,2395769625,0,1,1,1,1,1,1,1,1,1,1,1,7,4,11,1,0,1,0.9166666666666666
628,2286880287,0,1,1,1,0,1,1,0,0,0,1,1,5,2,7,3,2,5,0.5833333333333334
629,2261795999,1,0,0,1,1,0,0,1,1,1,0,1,4,3,7,4,1,5,0.5833333333333334
630,2335203202,1,1,0,1,1,1,0,1,1,1,1,1,6,4,10,2,0,2,0.8333333333333334
631,2283943310,1,0,0,0,1,1,1,0,1,0,1,0,4,2,6,4,2,6,0.5
632,2323043911,1,1,1,1,1,1,1,1,1,1,1,1,8,4,12,0,0,0,1
633,2202345142,1,1,0,0,1,1,0,1,0,0,1,1,5,2,7,3,2,5,0.5833333333333334
634,2236427047,1,1,1,1,1,1,1,1,1,1,1,1,8,4,12,0,0,0,1
635,2358756150,1,0,1,0,1,0,1,0,0,1,1,1,4,3,7,4,1,5,0.5833333333333334
636,2309885427,1,1,0,1,1,0,1,1,0,1,1,1,6,3,9,2,1,3,0.75
637,2347992495,1,0,1,1,1,1,0,1,1,1,1,1,6,4,10,2,0,2,0.8333333333333334
638,2398743392,1,1,0,1,1,1,1,1,1,1,1,1,7,4,11,1,0,1,0.9166666666666666
639,2298668814,0,0,0,1,1,0,1,1,1,0,0,0,4,1,5,4,3,7,0.4166666666666667
640,2391210524,1,1,1,0,1,1,1,1,0,1,0,1,7,2,9,1,2,3,0.75
641,2390601770,1,0,0,1,1,1,1,1,1,0,1,1,6,3,9,2,1,3,0.75
642,2330847235,0,0,0,1,1,1,1,0,1,1,1,1,4,4,8,4,0,4,0.6666666666666666
643,2397557303,1,0,1,0,0,1,1,1,1,1,1,0,5,3,8,3,1,4,0.6666666666666666
644,2313690346,0,0,1,0,1,1,0,1,1,1,0,1,4,3,7,4,1,5,0.5833333333333334
645,2373193917,1,0,1,0,0,1,1,0,1,0,1,1,4,3,7,4,1,5,0.5833333333333334
646,2277571611,1,1,1,1,1,1,1,1,1,1,1,1,8,4,12,0,0,0,1
647,2298587336,0,0,1,1,1,0,1,1,1,1,0,1,5,3,8,3,1,4,0.6666666666666666
648,2300430984,1,1,1,1,1,1,1,1,1,1,1,1,8,4,12,0,0,0,1
649,2311156605,0,0,1,1,1,1,1,0,0,1,0,1,5,2,7,3,2,5,0.5833333333333334
650,2240049205,0,1,0,1,1,1,1,0,1,1,1,1,5,4,9,3,0,3,0.75
651,2387374394,1,1,1,1,0,1,1,0,1,1,1,0,6,3,9,2,1,3,0.75
652,2222361867,1,1,1,1,1,1,1,1,1,0,1,1,8,3,11,0,1,1,0.9166666666666666
653,2278560340,1,1,1,0,1,1,0,1,1,1,1,1,6,4,10,2,0,2,0.8333333333333334
654,2328205340,1,1,0,1,1,0,0,1,0,1,1,1,5,3,8,3,1,4,0.6666666666666666
655,2225879984,1,1,1,0,1,0,0,1,1,0,1,1,5,3,8,3,1,4,0.6666666666666666
656,2364582885,1,1,1,1,1,0,1,1,1,1,1,1,7,4,11,1,0,1,0.9166666666666666
657,2335458123,1,1,1,0,0,1,0,1,1,1,0,0,5,2,7,3,2,5,0.5833333333333334
658,2381421410,1,0,1,1,0,0,1,0,0,0,1,0,4,1,5,4,3,7,0.4166666666666667
659,2321270988,1,0,1,1,1,0,0,1,1,1,1,1,5,4,9,3,0,3,0.75
660,2261003868,1,0,1,1,1,1,1,1,1,1,1,1,7,4,11,1,0,1,0.9166666666666666
661,2278391670,0,1,1,1,1,1,1,1,1,1,1,0,7,3,10,1,1,2,0.8333333333333334
662,2254373019,0,1,0,0,1,1,1,1,1,1,1,1,5,4,9,3,0,3,0.75
663,2342588230,1,1,1,1,1,1,1,1,1,1,0,1,8,3,11,0,1,1,0.9166666666666666
664,2243730575,0,1,1,0,0,1,1,1,0,1,1,1,5,3,8,3,1,4,0.6666666666666666
665,2251083108,1,1,0,0,0,1,1,1,1,1,1,1,5,4,9,3,0,3,0.75
666,2349220245,1,1,0,1,1,1,1,1,1,1,1,1,7,4,11,1,0,1,0.9166666666666666
667,2350596781,1,1,1,1,1,1,1,1,1,1,1,1,8,4,12,0,0,0,1
668,2266643230,1,1,1,1,1,1,1,1,1,1,1,1,8,4,12,0,0,0,1
669,2296869296,1,1,0,1,0,0,1,1,1,1,1,0,5,3,8,3,1,4,0.6666666666666666
670,2263642484,1,0,0,1,0,1,1,1,1,1,0,0,5,2,7,3,2,5,0.5833333333333334
671,2273498056,1,1,0,1,1,1,1,0,1,1,1,1,6,4,10,2,0,2,0.8333333333333334
672,2336883232,1,1,1,1,1,1,1,1,1,1,1,1,8,4,12,0,0,0,1
673,2362966438,1,1,0,1,1,1,1,1,1,0,1,1,7,3,10,1,1,2,0.8333333333333334
674,2346338987,1,1,1,1,1,1,0,1,0,1,1,1,7,3,10,1,1,2,0.8333333333333334
675,2247570262,1,1,1,1,1,1,1,1,0,1,1,1,8,3,11,0,1,1,0.9166666666666666
676,2246515268,1,1,1,1,1,0,1,0,0,0,0,1,6,1,7,2,3,5,0.5833333333333334
677,2291041326,1,0,1,0,1,1,1,1,0,1,1,0,6,2,8,2,2,4,0.6666666666666666
678,2214176909,1,1,1,0,1,1,1,1,1,1,1,1,7,4,11,1,0,1,0.9166666666666666
679,2230312868,1,1,1,1,1,1,1,1,1,1,0,1,8,3,11,0,1,1,0.9166666666666666
680,2256462937,0,1,1,0,0,1,1,0,1,0,1,1,4,3,7,4,1,5,0.5833333333333334
681,2299364440,0,1,0,0,0,0,1,0,0,0,1,1,2,2,4,6,2,8,0.3333333333333333
682,2248984386,0,1,1,1,1,0,1,1,1,1,0,1,6,3,9,2,1,3,0.75
683,2306085516,1,1,1,1,1,0,1,1,1,1,1,1,7,4,11,1,0,1,0.9166666666666666
684,2228989633,0,0,1,0,1,1,1,1,1,0,1,0,5,2,7,3,2,5,0.5833333333333334
685,2259320118,1,1,1,1,1,1,1,1,1,1,1,1,8,4,12,0,0,0,1
686,2322599043,1,1,1,1,1,1,1,1,1,1,1,1,8,4,12,0,0,0,1
687,2398030762,1,1,0,1,1,1,1,0,1,0,1,1,6,3,9,2,1,3,0.75
688,2202899816,1,1,0,1,1,1,1,1,0,1,1,1,7,3,10,1,1,2,0.8333333333333334
689,2200713269,0,1,1,1,1,1,1,1,1,1,1,0,7,3,10,1,1,2,0.8333333333333334
690,2339309165,0,1,1,1,0,0,1,0,1,1,0,1,4,3,7,4,1,5,0.5833333333333334
691,2363023993,1,1,1,1,1,0,1,0,0,1,0,1,6,2,8,2,2,4,0.6666666666666666
692,2333900540,1,1,1,1,0,0,1,1,1,1,0,0,6,2,8,2,2,4,0.6666666666666666
693,2330456629,1,1,0,1,1,1,1,1,1,1,1,1,7,4,11,1,0,1,0.9166666666666666
694,2305035487,1,0,1,0,1,0,0,0,0,1,1,1,3,3,6,5,1,6,0.5
695,2206195606,1,1,1,1,1,1,1,1,1,0,1,1,8,3,11,0,1,1,0.9166666666666666
696,2320862405,1,1,1,1,0,1,1,1,1,1,1,0,7,3,10,1,1,2,0.8333333333333334
697,2259506010,0,0,1,1,1,1,1,1,0,0,1,1,6,2,8,2,2,4,0.6666666666666666
698,2317504237,1,1,1,1,1,1,1,1,1,1,1,1,8,4,12,0,0,0,1
699,2284989553,0,1,1,1,0,1,1,1,1,0,1,1,6,3,9,2,1,3,0.75
700,2313241392,1,1,1,1,1,1,1,0,1,1,1,1,7,4,11,1,0,1,0.9166666666666666
701,2380941628,1,1,1,1,1,1,1,1,0,1,1,1,8,3,11,0,1,1,0.9166666666666666
702,2301425707,1,1,0,1,1,1,1,1,1,0,1,1,7,3,10,1,1,2,0.8333333333333334
703,2353967173,1,0,1,1,1,0,0,1,1,0,0,0,5,1,6,3,3,6,0.5
704,2230144806,1,1,1,1,1,0,1,0,0,1,0,0,6,1,7,2,3,5,0.5833333333333334
705,2359483579,0,0,1,1,0,1,1,1,1,0,1,1,5,3,8,3,1,4,0.6666666666666666
706,2263573622,1,1,1,1,1,1,1,1,1,1,0,1,8,3,11,0,1,1,0.9166666666666666
707,2362510416,1,1,1,1,0,0,1,1,0,1,1,1,6,3,9,2,1,3,0.75
708,2264726234,0,1,1,1,1,0,1,1,1,0,1,1,6,3,9,2,1,3,0.75
709,2204299020,1,1,1,1,1,1,1,1,1,0,1,1,8,3,11,0,1,1,0.9166666666666666
710,2241403756,1,1,1,1,0,1,0,1,1,1,1,1,6,4,10,2,0,2,0.8333333333333334
711,2291717427,1,1,1,1,0,1,1,1,1,0,1,1,7,3,10,1,1,2,0.8333333333333334
712,2389036228,1,1,1,1,1,1,0,1,1,1,1,1,7,4,11,1,0,1,0.9166666666666666
713,2382696908,0,1,1,1,1,1,1,1,1,1,1,1,7,4,11,1,0,1,0.9166666666666666
714,2224746162,1,1,0,1,1,1,1,1,0,0,1,1,7,2,9,1,2,3,0.75
715,2214887087,0,1,1,1,0,1,1,1,0,1,1,1,6,3,9,2,1,3,0.75
716,2224688719,1,1,1,0,1,1,1,1,1,1,1,0,7,3,10,1,1,2,0.8333333333333334
717,2389826748,1,1,1,1,1,1,1,1,1,1,1,1,8,4,12,0,0,0,1
718,2394552645,1,1,1,0,1,0,1,0,1,1,1,1,5,4,9,3,0,3,0.75
719,2320579731,1,0,0,1,1,0,1,1,1,0,1,0,5,2,7,3,2,5,0.5833333333333334
720,2232075567,0,0,0,0,1,0,1,0,0,1,1,1,2,3,5,6,1,7,0.4166666666666667
721,2221679602,1,1,1,1,1,1,1,1,1,1,1,0,8,3,11,0,1,1,0.9166666666666666
722,2289798522,0,1,0,1,1,0,1,0,1,0,0,0,4,1,5,4,3,7,0.4166666666666667
723,2260588316,1,1,0,1,1,1,1,0,1,0,1,1,6,3,9,2,1,3,0.75
724,2251198667,1,1,1,0,1,0,0,1,1,1,0,1,5,3,8,3,1,4,0.6666666666666666
725,2294223699,1,1,1,1,0,1,1,0,1,1,1,1,6,4,10,2,0,2,0.8333333333333334
726,2296096078,1,1,1,0,1,0,1,1,1,1,0,1,6,3,9,2,1,3,0.75
727,2285492654,1,1,0,1,1,1,0,1,1,0,1,1,6,3,9,2,1,3,0.75
728,2272776184,1,1,0,0,1,1,0,0,1,1,1,0,4,3,7,4,1,5,0.5833333333333334
729,2224480546,1,1,1,1,1,0,1,1,1,1,1,1,7,4,11,1,0,1,0.9166666666666666
730,2303081278,1,0,1,1,1,1,1,1,1,0,0,1,7,2,9,1,2,3,0.75
731,2273852884,1,1,1,1,0,1,1,1,0,1,1,1,7,3,10,1,1,2,0.8333333333333334
732,2208808180,1,1,0,1,1,1,0,1,1,1,1,1,6,4,10,2,0,2,0.8333333333333334
733,2266269097,1,1,1,0,1,1,1,1,1,0,1,1,7,3,10,1,1,2,0.8333333333333334
734,2319890027,1,1,1,1,1,1,1,1,1,1,1,1,8,4,12,0,0,0,1
735,2245828120,1,1,1,1,1,1,1,1,1,0,1,1,8,3,11,0,1,1,0.9166666666666666
736,2360780331,1,1,0,1,1,0,1,1,1,1,1,1,6,4,10,2,0,2,0.8333333333333334
737,2283261788,1,1,0,0,1,1,0,0,1,0,0,1,4,2,6,4,2,6,0.5
738,2204942774,1,0,1,1,1,1,1,1,1,1,1,1,7,4,11,1,0,1,0.9166666666666666
739,2293657910,1,0,1,1,1,0,1,1,0,1,1,1,6,3,9,2,1,3,0.75
740,2343472255,0,1,0,1,0,1,0,1,1,1,0,0,4,2,6,4,2,6,0.5
741,2355585791,0,1,0,0,1,1,0,1,1,1,0,1,4,3,7,4,1,5,0.5833333333333334
742,2383886545,1,1,0,1,1,0,0,1,1,1,1,0,5,3,8,3,1,4,0.6666666666666666
743,2338421343,1,0,1,0,0,1,1,0,1,1,0,1,4,3,7,4,1,5,0.5833333333333334
744,2389766697,0,1,0,0,0,1,0,0,1,1,1,1,2,4,6,6,0,6,0.5
745,2246762928,0,1,1,0,1,0,0,0,1,0,1,1,3,3,6,5,1,6,0.5
746,2349314124,1,1,0,1,1,1,1,0,1,1,1,1,6,4,10,2,0,2,0.8333333333333334
747,2300098056,1,1,1,1,0,1,1,1,1,1,1,0,7,3,10,1,1,2,0.8333333333333334
748,2275264782,1,1,1,1,1,1,1,1,1,1,1,1,8,4,12,0,0,0,1
749,2374411464,0,1,1,1,1,1,1,1,0,1,1,0,7,2,9,1,2,3,0.75
750,2357495814,1,1,1,1,1,1,1,1,1,1,1,1,8,4,12,0,0,0,1
751,2218829638,1,1,1,1,1,1,0,1,0,1,1,1,7,3,10,1,1,2,0.8333333333333334
752,2215062461,1,1,1,1,0,1,1,1,0,1,1,1,7,3,10,1,1,2,0.8333333333333334
753,2221309460,1,1,1,1,1,1,1,1,1,0,1,1,8,3,11,0,1,1,0.9166666666666666
754,2374114530,1,1,0,1,1,1,0,1,1,1,1,1,6,4,10,2,0,2,0.8333333333333334
755,2256067424,1,1,1,1,0,1,1,1,0,1,1,1,7,3,10,1,1,2,0.8333333333333334
756,2286592740,1,1,1,1,1,1,1,0,1,1,1,1,7,4,11,1,0,1,0.9166666666666666
757,2305688323,1,1,0,1,0,0,1,0,0,1,0,0,4,1,5,4,3,7,0.4166666666666667
758,2393920729,1,1,1,1,1,1,1,1,0,1,1,1,8,3,11,0,1,1,0.9166666666666666
759,2263285089,1,1,1,1,1,1,1,1,1,1,1,1,8,4,12,0,0,0,1
760,2307015379,1,1,1,1,1,1,1,0,1,1,1,1,7,4,11,1,0,1,0.9166666666666666
761,2216731345,1,1,0,0,0,1,0,1,0,0,1,0,4,1,5,4,3,7,0.4166666666666667
762,2353504764,1,1,1,1,1,1,1,1,1,1,0,1,8,3,11,0,1,1,0.9166666666666666
763,2320409209,1,1,1,1,1,1,1,1,1,1,1,1,8,4,12,0,0,0,1
764,2266567021,1,0,1,1,1,1,1,1,1,1,1,0,7,3,10,1,1,2,0.8333333333333334
765,2325553320,0,1,1,0,0,0,1,0,1,0,1,0,3,2,5,5,2,7,0.4166666666666667
766,2359170084,1,1,1,1,1,1,0,1,1,1,1,1,7,4,11,1,0,1,0.9166666666666666
767,2361400779,1,1,0,1,1,1,1,1,1,1,1,0,7,3,10,1,1,2,0.8333333333333334
768,2304689638,1,1,1,1,1,1,1,1,1,1,1,1,8,4,12,0,0,0,1
769,2367530778,0,1,1,1,1,1,1,0,1,1,1,1,6,4,10,2,0,2,0.8333333333333334
770,2209332949,1,1,1,1,1,1,1,1,1,1,1,1,8,4,12,0,0,0,1
771,2320128702,1,1,0,1,1,1,1,0,1,1,1,1,6,4,10,2,0,2,0.8333333333333334
772,2358404740,1,1,1,1,1,1,0,1,1,1,0,1,7,3,10,1,1,2,0.8333333333333334
773,2217801698,1,1,1,1,0,1,1,1,1,0,1,1,7,3,10,1,1,2,0.8333333333333334
774,2265546559,1,0,0,1,1,1,0,1,0,1,1,0,5,2,7,3,2,5,0.5833333333333334
775,2270977453,1,1,1,1,0,1,1,1,1,1,1,0,7,3,10,1,1,2,0.8333333333333334
776,2327811973,1,1,1,1,1,1,1,0,1,1,1,1,7,4,11,1,0,1,0.9166666666666666
777,2324103273,1,1,1,1,1,1,1,1,1,1,1,1,8,4,12,0,0,0,1
778,2356316479,1,1,1,1,0,1,1,1,1,1,0,1,7,3,10,1,1,2,0.8333333333333334
779,2360495541,0,1,1,0,1,1,1,1,1,1,0,1,6,3,9,2,1,3,0.75
780,2395832394,1,1,1,1,1,1,1,1,1,0,1,1,8,3,11,0,1,1,0.9166666666666666
781,2259635399,1,1,1,1,1,1,0,1,1,1,1,1,7,4,11,1,0,1,0.9166666666666666
782,2296561440,1,1,1,1,1,1,0,1,1,1,1,0,7,3,10,1,1,2,0.8333333333333334
783,2398166226,1,1,0,1,1,0,1,1,1,1,1,1,6,4,10,2,0,2,0.8333333333333334
784,2347910449,1,1,0,0,1,1,1,1,0,1,0,1,6,2,8,2,2,4,0.6666666666666666
785,2208586448,1,1,1,0,0,1,1,0,1,1,1,1,5,4,9,3,0,3,0.75
786,2303866654,1,1,1,1,1,1,1,0,1,1,1,1,7,4,11,1,0,1,0.9166666666666666
787,2371458585,1,0,0,1,1,1,1,1,1,0,1,1,6,3,9,2,1,3,0.75
788,2226036084,1,1,1,1,1,1,1,1,1,1,1,1,8,4,12,0,0,0,1
789,2218512538,0,1,0,1,1,1,1,1,1,1,0,1,6,3,9,2,1,3,0.75
790,2350426384,0,1,0,1,1,1,0,0,1,0,0,0,4,1,5,4,3,7,0.4166666666666667
791,2397708395,0,1,1,1,0,1,1,0,0,1,1,0,5,2,7,3,2,5,0.5833333333333334
792,2395116483,1,1,1,1,1,1,1,0,1,1,1,1,7,4,11,1,0,1,0.9166666666666666
793,2264357360,0,0,1,0,1,1,1,1,0,0,1,1,5,2,7,3,2,5,0.5833333333333334
794,2298565351,1,0,1,1,1,1,1,1,1,1,1,1,7,4,11,1,0,1,0.9166666666666666
795,2336652902,1,0,1,1,1,1,0,1,0,1,1,1,6,3,9,2,1,3,0.75
796,2304695869,1,1,1,1,1,1,1,0,1,0,0,1,7,2,9,1,2,3,0.75
797,2215739185,1,1,1,1,1,1,1,1,1,1,1,1,8,4,12,0,0,0,1
798,2313167713,0,1,0,1,0,1,1,1,0,1,1,1,5,3,8,3,1,4,0.6666666666666666
799,2333138529,1,1,1,1,0,1,0,1,0,1,1,1,6,3,9,2,1,3,0.75
800,2216966565,1,1,1,1,1,1,1,0,1,1,0,1,7,3,10,1,1,2,0.8333333333333334
801,2333352075,1,0,1,1,0,1,0,1,1,1,1,0,5,3,8,3,1,4,0.6666666666666666
802,2286197821,1,1,1,0,0,1,0,1,1,1,1,0,5,3,8,3,1,4,0.6666666666666666
803,2215652786,1,1,1,1,1,1,1,1,1,1,0,1,8,3,11,0,1,1,0.9166666666666666
804,2387573131,1,0,1,1,0,1,1,0,0,1,1,1,5,3,8,3,1,4,0.6666666666666666
805,2277210762,0,0,1,1,1,1,1,1,1,1,1,1,6,4,10,2,0,2,0.8333333333333334
806,2313867394,1,1,1,1,1,0,0,1,1,1,1,1,6,4,10,2,0,2,0.8333333333333334
807,2290967494,1,1,1,1,1,1,0,1,1,1,1,1,7,4,11,1,0,1,0.9166666666666666
808,2200002487,1,0,1,1,0,1,1,1,1,1,1,0,6,3,9,2,1,3,0.75
809,2217697594,1,1,1,1,1,1,1,1,1,1,1,1,8,4,12,0,0,0,1
810,2265464644,1,1,1,1,0,1,1,0,1,1,1,0,6,3,9,2,1,3,0.75
811,2236357889,0,1,1,0,1,1,0,0,0,1,1,0,4,2,6,4,2,6,0.5
812,2265683940,1,1,1,1,1,1,1,1,1,1,1,0,8,3,11,0,1,1,0.9166666666666666
813,2318654200,1,1,0,1,1,1,1,1,1,1,1,1,7,4,11,1,0,1,0.9166666666666666
814,2308551655,0,1,1,1,1,1,1,0,0,1,1,1,6,3,9,2,1,3,0.75
815,2303744932,0,0,1,1,1,1,0,1,0,1,0,1,5,2,7,3,2,5,0.5833333333333334
816,2326414149,1,0,1,1,1,1,1,1,0,1,0,1,7,2,9,1,2,3,0.75
817,2221768353,1,1,1,1,0,1,0,0,0,1,1,0,5,2,7,3,2,5,0.5833333333333334
818,2223570517,1,1,1,0,0,1,1,0,0,1,0,0,5,1,6,3,3,6,0.5
819,2396732877,1,1,1,0,1,1,1,1,1,0,1,1,7,3,10,1,1,2,0.8333333333333334
820,2230453360,1,1,1,1,1,1,0,1,1,0,1,0,7,2,9,1,2,3,0.75
821,2365953644,1,0,1,1,1,1,1,0,1,1,1,1,6,4,10,2,0,2,0.8333333333333334
822,2242625386,1,1,1,1,0,1,0,1,1,1,1,1,6,4,10,2,0,2,0.8333333333333334
823,2392250138,1,1,1,1,1,1,1,1,1,1,1,1,8,4,12,0,0,0,1
824,2342259571,1,1,1,1,0,1,1,1,1,0,1,1,7,3,10,1,1,2,0.8333333333333334
825,2380104303,1,0,0,1,1,0,1,1,1,1,0,0,5,2,7,3,2,5,0.5833333333333334
826,2321121716,1,1,1,1,1,1,1,0,0,1,1,1,7,3,10,1,1,2,0.8333333333333334
827,2317123639,1,1,0,0,1,1,0,1,1,1,1,1,5,4,9,3,0,3,0.75
828,2200740087,0,1,0,1,0,0,0,1,0,1,0,1,3,2,5,5,2,7,0.4166666666666667
829,2213620146,1,1,0,1,1,1,1,1,1,0,0,1,7,2,9,1,2,3,0.75
830,2339448713,1,1,1,0,1,1,1,0,1,1,1,0,6,3,9,2,1,3,0.75
831,2327514879,0,1,1,1,1,1,0,1,0,0,0,1,6,1,7,2,3,5,0.5833333333333334
832,2335828474,1,0,1,0,1,1,1,1,1,1,1,1,6,4,10,2,0,2,0.8333333333333334
833,2251370343,1,0,1,1,1,1,1,0,1,0,0,1,6,2,8,2,2,4,0.6666666666666666
834,2331816244,1,0,0,1,0,1,1,1,0,0,1,0,5,1,6,3,3,6,0.5
835,2205653566,0,0,0,1,1,0,0,1,1,0,1,0,3,2,5,5,2,7,0.4166666666666667
836,2272791455,1,1,1,1,1,1,1,1,0,0,1,1,8,2,10,0,2,2,0.8333333333333334
837,2265398546,1,1,1,1,1,1,1,1,1,1,1,1,8,4,12,0,0,0,1
838,2260907363,1,0,1,1,1,1,1,1,1,1,1,1,7,4,11,1,0,1,0.9166666666666666
839,2207176566,0,1,1,1,1,0,0,1,1,1,1,1,5,4,9,3,0,3,0.75
840,2285285336,0,1,1,1,1,0,0,1,1,0,0,1,5,2,7,3,2,5,0.5833333333333334
841,2386932414,1,1,1,1,1,1,1,1,1,0,1,1,8,3,11,0,1,1,0.9166666666666666
842,2394338482,1,1,1,1,1,1,1,1,0,1,1,1,8,3,11,0,1,1,0.9166666666666666
843,2337096079,1,1,0,1,1,1,1,1,0,1,1,1,7,3,10,1,1,2,0.8333333333333334
844,2242749128,1,1,1,1,1,1,0,1,1,1,1,1,7,4,11,1,0,1,0.9166666666666666
845,2318307151,1,0,1,1,0,1,0,1,1,1,0,1,5,3,8,3,1,4,0.6666666666666666
846,2313496841,1,0,1,1,0,1,1,1,1,1,1,1,6,4,10,2,0,2,0.8333333333333334
847,2311314469,1,1,1,1,1,1,1,1,0,1,1,1,8,3,11,0,1,1,0.9166666666666666
848,2225016109,1,1,0,0,1,1,1,0,0,1,1,1,5,3,8,3,1,4,0.6666666666666666
849,2320715683,1,0,1,1,1,1,1,1,1,1,1,1,7,4,11,1,0,1,0.9166666666666666
850,2306224163,0,1,1,0,1,1,0,1,1,1,0,0,5,2,7,3,2,5,0.5833333333333334
851,2310073088,0,1,0,1,1,0,0,1,1,1,1,0,4,3,7,4,1,5,0.5833333333333334
852,2232869887,1,1,1,1,1,0,0,0,1,1,0,1,5,3,8,3,1,4,0.6666666666666666
853,2264721596,1,1,0,1,1,1,0,0,1,1,1,0,5,3,8,3,1,4,0.6666666666666666
854,2280356686,1,1,1,1,0,1,0,1,1,1,1,1,6,4,10,2,0,2,0.8333333333333334
855,2366967230,1,1,1,1,1,1,1,1,1,1,1,1,8,4,12,0,0,0,1
856,2343777139,1,1,1,1,0,0,1,1,1,1,0,1,6,3,9,2,1,3,0.75
857,2229162851,1,1,1,1,1,1,1,1,1,1,0,1,8,3,11,0,1,1,0.9166666666666666
858,2216300114,1,0,1,1,1,0,1,1,0,1,1,0,6,2,8,2,2,4,0.6666666666666666
859,2334539825,1,0,1,1,1,0,1,1,0,1,1,1,6,3,9,2,1,3,0.75
860,2235252925,1,0,0,1,0,1,1,1,1,0,1,1,5,3,8,3,1,4,0.6666666666666666
861,2202157725,0,1,1,1,1,1,1,0,1,1,0,0,6,2,8,2,2,4,0.6666666666666666
862,2301910633,0,1,0,1,0,0,0,1,1,1,1,1,3,4,7,5,0,5,0.5833333333333334
863,2236601871,1,0,1,0,0,0,1,0,1,1,0,1,3,3,6,5,1,6,0.5
864,2200110128,1,0,0,1,0,0,1,1,1,0,1,0,4,2,6,4,2,6,0.5
865,2213706233,0,0,1,1,0,0,0,0,1,1,1,1,2,4,6,6,0,6,0.5
866,2223637126,1,1,0,1,1,1,1,0,0,0,0,1,6,1,7,2,3,5,0.5833333333333334
867,2245386536,1,1,1,1,1,1,1,1,1,1,1,1,8,4,12,0,0,0,1
868,2308705186,1,1,1,1,1,1,1,1,0,1,1,1,8,3,11,0,1,1,0.9166666666666666
869,2286610605,0,1,0,1,1,0,1,1,1,1,0,1,5,3,8,3,1,4,0.6666666666666666
870,2350047589,0,1,1,1,0,1,0,1,1,0,0,1,5,2,7,3,2,5,0.5833333333333334
871,2237046411,1,1,1,0,1,1,1,1,1,1,1,1,7,4,11,1,0,1,0.9166666666666666
872,2313294041,1,1,1,1,1,0,1,1,1,0,0,1,7,2,9,1,2,3,0.75
873,2373174713,1,0,1,1,1,1,1,1,0,1,1,1,7,3,10,1,1,2,0.8333333333333334
874,2215547713,1,1,0,0,1,1,1,1,1,1,1,1,6,4,10,2,0,2,0.8333333333333334
875,2262562435,0,1,1,1,1,1,1,1,1,1,1,1,7,4,11,1,0,1,0.9166666666666666
876,2309805103,1,1,1,1,1,1,1,1,1,1,1,1,8,4,12,0,0,0,1
877,2291117367,1,0,1,1,1,1,1,0,1,1,1,0,6,3,9,2,1,3,0.75
878,2264675810,1,1,1,1,1,1,1,1,1,1,1,1,8,4,12,0,0,0,1
879,2344652610,1,1,0,1,1,1,1,0,1,1,0,1,6,3,9,2,1,3,0.75
880,2318632339,1,1,1,1,1,1,1,1,1,1,1,0,8,3,11,0,1,1,0.9166666666666666
881,2326448641,0,0,1,1,0,1,0,0,1,0,0,0,3,1,4,5,3,8,0.3333333333333333
882,2246118223,0,1,1,0,1,0,0,0,1,0,1,0,3,2,5,5,2,7,0.4166666666666667
883,2202061313,1,1,1,1,1,1,1,1,1,1,1,1,8,4,12,0,0,0,1
884,2252935429,1,1,1,0,1,0,1,1,1,0,1,1,6,3,9,2,1,3,0.75
885,2301317557,1,1,1,1,1,1,1,1,1,1,1,1,8,4,12,0,0,0,1
886,2275093211,0,1,0,1,1,0,1,1,1,0,1,1,5,3,8,3,1,4,0.6666666666666666
887,2325491785,1,0,1,1,1,1,1,1,1,1,1,0,7,3,10,1,1,2,0.8333333333333334
888,2258769985,1,1,1,1,1,1,1,1,1,1,0,1,8,3,11,0,1,1,0.9166666666666666
889,2257376907,1,1,1,0,1,1,1,0,1,1,1,1,6,4,10,2,0,2,0.8333333333333334
890,2341672924,0,0,1,0,1,1,1,1,1,1,1,1,5,4,9,3,0,3,0.75
891,2241223323,1,1,1,1,0,1,1,1,1,1,1,1,7,4,11,1,0,1,0.9166666666666666
892,2288273857,1,1,1,1,1,1,0,0,1,1,1,1,6,4,10,2,0,2,0.8333333333333334
893,2258933897,1,1,0,1,1,0,1,1,1,1,1,1,6,4,10,2,0,2,0.8333333333333334
894,2321301871,1,1,1,1,1,1,1,1,1,0,1,1,8,3,11,0,1,1,0.9166666666666666
895,2266247581,1,1,1,1,1,1,1,1,1,1,1,1,8,4,12,0,0,0,1
896,2316845788,1,1,1,1,1,1,1,1,0,1,1,1,8,3,11,0,1,1,0.9166666666666666
897,2347986967,1,1,1,0,1,0,1,1,1,1,1,1,6,4,10,2,0,2,0.8333333333333334
898,2241335821,1,0,0,1,1,1,1,1,1,1,1,1,6,4,10,2,0,2,0.8333333333333334
899,2210534366,1,1,1,1,1,1,1,1,0,1,1,1,8,3,11,0,1,1,0.9166666666666666
900,2231656266,1,1,1,1,1,1,1,1,0,0,1,1,8,2,10,0,2,2,0.8333333333333334
901,2390147352,1,1,1,1,0,0,1,0,1,1,1,0,5,3,8,3,1,4,0.6666666666666666
902,2368570825,0,0,1,0,0,1,1,1,1,0,1,1,4,3,7,4,1,5,0.5833333333333334
903,2298295369,1,1,1,1,1,0,0,1,1,1,0,1,6,3,9,2,1,3,0.75
904,2243040217,1,1,0,1,1,0,1,1,1,0,0,1,6,2,8,2,2,4,0.6666666666666666
905,2303672286,0,1,1,1,1,1,0,1,1,1,0,0,6,2,8,2,2,4,0.6666666666666666
906,2308315938,1,1,0,1,1,0,1,1,1,0,1,1,6,3,9,2,1,3,0.75
907,2242651138,1,1,1,1,1,1,1,1,0,1,0,1,8,2,10,0,2,2,0.8333333333333334
908,2367324495,1,1,1,0,1,1,1,1,1,1,1,1,7,4,11,1,0,1,0.9166666666666666
909,2319644693,1,0,1,1,1,1,0,1,1,1,0,0,6,2,8,2,2,4,0.6666666666666666
910,2345670057,1,1,1,1,1,1,1,1,1,0,1,0,8,2,10,0,2,2,0.8333333333333334
911,2269670159,1,0,1,1,0,1,0,1,1,1,1,1,5,4,9,3,0,3,0.75
912,2382835088,1,1,1,1,1,1,1,1,1,1,0,1,8,3,11,0,1,1,0.9166666666666666
913,2319946647,1,1,1,1,0,1,1,1,1,0,1,0,7,2,9,1,2,3,0.75
914,2257190747,1,1,1,1,1,1,0,1,1,1,1,0,7,3,10,1,1,2,0.8333333333333334
915,2244739990,1,1,1,1,0,0,1,1,0,1,1,0,6,2,8,2,2,4,0.6666666666666666
916,2300406404,1,1,0,1,1,1,1,1,1,1,1,1,7,4,11,1,0,1,0.9166666666666666
917,2383164633,1,1,1,1,1,1,1,1,1,1,1,1,8,4,12,0,0,0,1
918,2251574244,1,1,1,1,1,1,1,1,1,1,1,1,8,4,12,0,0,0,1
919,2383896955,1,1,1,1,1,1,1,1,1,1,1,1,8,4,12,0,0,0,1
920,2344897011,1,1,1,1,1,1,1,0,1,0,0,1,7,2,9,1,2,3,0.75
921,2219654341,1,1,0,1,1,1,1,1,1,1,1,1,7,4,11,1,0,1,0.9166666666666666
922,2263737199,1,1,1,1,1,1,1,1,1,1,1,1,8,4,12,0,0,0,1
923,2393883709,1,0,1,0,1,1,1,1,0,1,1,1,6,3,9,2,1,3,0.75
924,2217989961,1,1,1,1,1,1,0,1,1,1,1,1,7,4,11,1,0,1,0.9166666666666666
925,2354509067,1,1,1,1,1,1,1,1,1,1,1,1,8,4,12,0,0,0,1
926,2264409961,1,0,1,1,1,1,1,1,1,0,0,1,7,2,9,1,2,3,0.75
927,2209559637,1,1,1,1,1,1,1,1,1,1,1,1,8,4,12,0,0,0,1
928,2366039469,1,1,1,0,1,0,1,1,1,0,0,1,6,2,8,2,2,4,0.6666666666666666
929,2300706773,0,1,1,1,0,1,0,0,1,1,1,1,4,4,8,4,0,4,0.6666666666666666
930,2261294089,0,1,1,1,1,1,1,0,1,1,1,1,6,4,10,2,0,2,0.8333333333333334
931,2255595311,1,1,1,1,1,1,1,1,1,1,1,1,8,4,12,0,0,0,1
932,2337640435,1,1,1,1,1,1,1,1,0,1,1,0,8,2,10,0,2,2,0.8333333333333334
933,2315419424,1,0,1,0,0,1,1,0,1,1,0,1,4,3,7,4,1,5,0.5833333333333334
934,2298695560,1,0,1,1,1,1,0,0,1,1,1,0,5,3,8,3,1,4,0.6666666666666666
935,2357610968,1,1,1,1,1,0,0,1,1,0,1,1,6,3,9,2,1,3,0.75
936,2359428199,0,1,1,1,0,1,1,1,1,0,1,1,6,3,9,2,1,3,0.75
937,2272565153,1,1,1,1,0,1,1,0,1,1,1,1,6,4,10,2,0,2,0.8333333333333334
938,2285897239,1,1,1,1,1,1,1,0,1,1,1,1,7,4,11,1,0,1,0.9166666666666666
939,2298594588,1,1,1,1,1,1,0,1,1,1,1,1,7,4,11,1,0,1,0.9166666666666666
940,2388071327,1,1,1,1,1,1,1,1,1,1,1,1,8,4,12,0,0,0,1
941,2219029990,1,1,1,1,1,1,1,1,0,1,1,1,8,3,11,0,1,1,0.9166666666666666
942,2372578868,1,0,0,0,1,0,1,1,1,1,1,1,4,4,8,4,0,4,0.6666666666666666
943,2289018244,1,1,1,1,1,1,0,1,1,1,1,0,7,3,10,1,1,2,0.8333333333333334
944,2206923988,1,0,0,1,1,1,1,1,1,1,1,1,6,4,10,2,0,2,0.8333333333333334
945,2264051096,1,1,1,1,0,1,1,1,0,1,1,1,7,3,10,1,1,2,0.8333333333333334
946,2397873152,1,1,0,1,1,1,1,1,1,1,1,1,7,4,11,1,0,1,0.9166666666666666
947,2257463145,0,0,1,1,1,1,1,0,1,1,1,1,5,4,9,3,0,3,0.75
948,2281816809,1,1,1,0,1,1,1,1,1,1,1,1,7,4,11,1,0,1,0.9166666666666666
949,2276257114,1,1,1,1,1,1,1,1,1,1,1,1,8,4,12,0,0,0,1
950,2204892299,1,1,1,1,0,1,1,1,1,1,1,1,7,4,11,1,0,1,0.9166666666666666
951,2347991155,1,1,1,1,1,1,1,1,1,1,1,1,8,4,12,0,0,0,1
952,2345445605,0,1,0,0,0,0,0,0,0,1,1,1,1,3,4,7,1,8,0.3333333333333333
953,2369655344,0,1,1,0,1,1,1,1,1,1,1,1,6,4,10,2,0,2,0.8333333333333334
954,2255990129,1,1,1,1,0,1,0,1,1,0,1,1,6,3,9,2,1,3,0.75
955,2344350584,1,1,1,1,0,0,0,1,1,0,1,1,5,3,8,3,1,4,0.6666666666666666
956,2253782830,1,1,1,0,1,0,1,1,1,1,1,1,6,4,10,2,0,2,0.8333333333333334
957,2399543435,0,0,1,1,1,1,0,0,1,1,0,1,4,3,7,4,1,5,0.5833333333333334
958,2359157706,1,1,0,1,0,1,1,1,1,1,1,1,6,4,10,2,0,2,0.8333333333333334
959,2342811419,1,1,1,1,0,1,0,0,1,1,1,0,5,3,8,3,1,4,0.6666666666666666
960,2255674621,1,1,1,1,1,1,1,1,1,1,1,1,8,4,12,0,0,0,1
961,2293044973,1,1,0,1,1,1,1,1,0,1,1,0,7,2,9,1,2,3,0.75
962,2377775791,1,1,1,1,0,1,1,1,1,1,1,1,7,4,11,1,0,1,0.9166666666666666
963,2313031657,1,0,1,1,0,1,1,1,1,1,0,1,6,3,9,2,1,3,0.75
964,2300629501,0,1,1,0,1,1,0,1,1,1,0,0,5,2,7,3,2,5,0.5833333333333334
965,2348327407,1,1,1,1,1,1,0,1,1,0,1,1,7,3,10,1,1,2,0.8333333333333334
966,2387269480,1,1,1,1,1,1,1,1,0,1,1,1,8,3,11,0,1,1,0.9166666666666666
967,2327545803,1,0,1,1,0,1,0,1,0,1,1,1,5,3,8,3,1,4,0.6666666666666666
968,2206698766,1,1,0,1,1,1,0,1,1,0,1,1,6,3,9,2,1,3,0.75
969,2242624974,1,1,0,0,0,0,0,0,0,0,1,1,2,2,4,6,2,8,0.3333333333333333
970,2217031768,1,1,0,0,1,0,1,1,1,1,1,0,5,3,8,3,1,4,0.6666666666666666
971,2211467894,1,0,1,1,1,1,0,0,1,1,1,1,5,4,9,3,0,3,0.75
972,2336281617,1,1,1,1,0,1,1,1,1,0,0,1,7,2,9,1,2,3,0.75
973,2364760268,1,1,1,1,1,0,1,1,1,0,1,1,7,3,10,1,1,2,0.8333333333333334
974,2277973770,0,0,1,0,1,0,1,1,1,0,0,1,4,2,6,4,2,6,0.5
975,2320284240,0,1,1,1,1,1,1,1,1,1,1,1,7,4,11,1,0,1,0.9166666666666666
976,2362074420,1,1,1,1,1,1,1,1,1,1,1,1,8,4,12,0,0,0,1
977,2217888944,1,0,1,1,0,1,1,1,1,1,0,1,6,3,9,2,1,3,0.75
978,2379931668,1,1,1,0,1,1,0,1,1,1,0,0,6,2,8,2,2,4,0.6666666666666666
979,2242398980,0,1,1,1,1,1,1,0,1,1,1,1,6,4,10,2,0,2,0.8333333333333334
980,2285173013,1,0,0,0,0,1,1,1,0,1,0,1,4,2,6,4,2,6,0.5
981,2273227390,1,1,1,1,1,1,1,1,1,1,1,1,8,4,12,0,0,0,1
982,2318155318,1,1,1,1,1,1,1,1,1,1,1,1,8,4,12,0,0,0,1
983,2337857394,1,0,1,1,1,0,1,1,0,0,1,0,6,1,7,2,3,5,0.5833333333333334
984,2221073508,1,1,1,1,1,1,1,1,1,1,1,1,8,4,12,0,0,0,1
985,2390704061,1,1,1,1,1,1,1,1,1,0,1,1,8,3,11,0,1,1,0.9166666666666666
986,2221627860,1,1,0,0,0,1,1,1,1,1,1,0,5,3,8,3,1,4,0.6666666666666666
987,2352974336,0,0,0,1,1,0,1,0,0,1,0,0,3,1,4,5,3,8,0.3333333333333333
988,2200763493,1,1,1,1,1,1,0,1,1,1,1,1,7,4,11,1,0,1,0.9166666666666666
989,2266976395,1,0,1,1,1,1,1,1,1,0,1,1,7,3,10,1,1,2,0.8333333333333334
990,2395780381,1,1,1,1,1,1,0,1,1,1,1,1,7,4,11,1,0,1,0.9166666666666666
991,2315885676,1,1,1,0,1,1,0,1,0,0,1,0,6,1,7,2,3,5,0.5833333333333334
992,2215611820,1,1,1,1,1,1,1,1,1,1,1,1,8,4,12,0,0,0,1
993,2261905764,1,0,1,0,0,1,1,1,1,0,1,1,5,3,8,3,1,4,0.6666666666666666
994,2258341192,1,1,1,1,1,1,1,1,1,0,1,1,8,3,11,0,1,1,0.9166666666666666
995,2373306599,1,1,0,0,1,1,1,1,1,1,1,1,6,4,10,2,0,2,0.8333333333333334
996,2345717604,0,1,1,1,1,1,1,1,1,1,1,1,7,4,11,1,0,1,0.9166666666666666
997,2355367510,1,1,0,1,1,1,1,0,1,1,1,1,6,4,10,2,0,2,0.8333333333333334
998,2229421005,1,1,1,1,1,0,1,0,1,1,1,1,6,4,10,2,0,2,0.8333333333333334
999,2325144580,1,1,1,0,0,1,1,1,0,0,1,0,6,1,7,2,3,5,0.5833333333333334
1000,2384639379,1,1,0,0,1,1,1,0,1,0,1,1,5,3,8,3,1,4,0.6666666666666666
