No,Student_ID,Name,Attendance_F2F_Session_1,Attendance_F2F_Session_2,Attendance_F2F_Session_3,Attendance_F2F_Session_4,Attendance_F2F_Session_5,Attendance_F2F_Session_6,Attendance_F2F_Session_7,Attendance_F2F_Session_8,Attendance_Online_Session_1,Attendance_Online_Session_2,Attendance_Online_Session_3,Attendance_Online_Session_4,F2F_Present_Count,Online_Present_Count,Total_Present_Count,F2F_Absent_Count,Online_Absent_Count,Total_Absent_Count,Attendance_Rate
1,2387989857,"Nuer, Meljon P.",1,1,1,1,1,1,1,1,1,1,1,1,8,4,12,0,0,0,1
2,2309387674,"Ramos, Patrick H.",1,1,1,1,1,1,1,1,1,1,1,0,8,3,11,0,1,1,0.9166666666666666
3,2352127454,"Flores, Maria G.",1,1,1,1,1,1,1,1,0,1,1,1,8,3,11,0,1,1,0.9166666666666666
4,2274107917,"Dela Cruz, Winchel G.",1,1,1,1,1,1,1,1,1,1,1,1,8,4,12,0,0,0,1
5,2347455779,"Reyes, Trisha L.",0,0,0,1,1,1,1,1,1,0,0,1,5,2,7,3,2,5,0.5833333333333334
6,2398720018,"Rivera, Meljon N.",0,0,1,1,1,1,1,0,0,1,1,1,5,3,8,3,1,4,0.6666666666666666
7,2295260071,"Maraon, Kate M.",1,1,1,1,1,1,1,1,1,1,1,1,8,4,12,0,0,0,1
8,2391263101,"Quimbo, John G.",0,1,1,0,0,1,0,1,1,0,0,0,4,1,5,4,3,7,0.4166666666666667
9,2310004973,"Delfin, Trisha A.",0,1,1,0,1,1,1,0,0,1,1,1,5,3,8,3,1,4,0.6666666666666666
10,2240555028,"Santos, Kyle H.",0,1,0,0,1,0,1,0,1,1,1,1,3,4,7,5,0,5,0.5833333333333334
11,2323530539,"Aquino, Natalie O.",0,0,1,1,0,0,1,1,1,0,0,1,4,2,6,4,2,6,0.5
12,2273937969,"Rivera, Jade C.",0,1,1,1,0,0,1,1,1,1,1,1,5,4,9,3,0,3,0.75
13,2295424535,"Fernandez, Elisabeth M.",1,1,1,1,1,1,1,1,1,1,1,1,8,4,12,0,0,0,1
14,2352502819,"Melendez, Mark C.",1,1,1,1,0,1,1,1,1,1,1,1,7,4,11,1,0,1,0.9166666666666666
15,2375521727,"Bautista, Jeter B.",1,0,1,1,1,1,1,1,1,1,1,1,7,4,11,1,0,1,0.9166666666666666
16,2284740385,"Gumapac, Thomas M.",1,1,0,1,0,1,1,0,0,0,0,0,5,0,5,3,4,7,0.4166666666666667
17,2317373051,"Uy, Jaymarc O.",1,1,0,0,1,1,1,0,0,1,0,0,5,1,6,3,3,6,0.5
18,2291300781,"Santos, EJ K.",1,1,1,1,1,1,1,1,1,1,1,1,8,4,12,0,0,0,1
19,2279983262,"Soriano, Claire H.",0,1,1,0,0,1,1,0,1,0,0,1,4,2,6,4,2,6,0.5
20,2259085309,"Publico, Christian I.",1,1,1,1,1,1,1,1,1,0,0,1,8,2,10,0,2,2,0.8333333333333334
21,2355099191,"Dela Cruz, Christian P.",0,0,1,1,1,0,1,1,1,1,1,1,5,4,9,3,0,3,0.75
22,2367005412,"Soriano, Jeter M.",0,1,1,1,1,0,1,1,1,1,1,1,6,4,10,2,0,2,0.8333333333333334
23,2386051654,"Lintawahan, Christian J.",1,1,1,1,1,1,0,0,1,1,1,1,6,4,10,2,0,2,0.8333333333333334
24,2353795352,"Dela Cruz, Lance D.",1,1,0,1,1,1,1,0,0,1,0,1,6,2,8,2,2,4,0.6666666666666666
25,2355685122,"Reyes, Elisabeth F.",1,1,1,0,0,1,1,0,0,1,1,0,5,2,7,3,2,5,0.5833333333333334
26,2323091401,"Torres, Jade I.",1,0,1,1,1,1,1,1,0,1,1,1,7,3,10,1,1,2,0.8333333333333334
27,2233595067,"Santos, Jaymarc H.",1,1,1,1,1,1,1,1,1,1,1,1,8,4,12,0,0,0,1
28,2303968087,"Mercado, Winchel E.",0,1,1,1,0,1,1,0,0,1,1,0,5,2,7,3,2,5,0.5833333333333334
29,2388233309,"Domingo, Mary M.",1,0,1,1,1,1,1,1,1,1,1,1,7,4,11,1,0,1,0.9166666666666666
30,2327027923,"Tilanduca, Nicole K.",1,1,1,1,1,1,1,1,1,1,1,1,8,4,12,0,0,0,1
31,2288073661,"Tilanduca, Jessa J.",0,1,1,1,1,1,1,1,0,0,0,0,7,0,7,1,4,5,0.5833333333333334
32,2380003692,"Garcia, Natalie O.",1,0,1,1,0,1,1,1,1,1,0,0,6,2,8,2,2,4,0.6666666666666666
33,2206889365,"Melendez, Claire I.",1,1,1,1,1,1,1,1,1,1,1,1,8,4,12,0,0,0,1
34,2225194993,"Dela Cruz, Jade N.",1,1,1,0,1,1,1,1,1,1,0,0,7,2,9,1,2,3,0.75
35,2271990059,"Dela Cerna, James O.",0,1,0,0,1,0,0,1,1,1,1,0,3,3,6,5,1,6,0.5
36,2210989054,"Fernandez, EJ D.",0,0,1,1,1,0,1,0,1,1,1,1,4,4,8,4,0,4,0.6666666666666666
37,2227670303,"Merina, Sean L.",1,1,1,1,1,1,1,1,1,1,1,1,8,4,12,0,0,0,1
38,2360982602,"Garcia, Ian E.",0,1,1,1,1,1,1,0,1,0,0,0,6,1,7,2,3,5,0.5833333333333334
39,2298184097,"Cabuco, Khiara D.",1,0,1,1,0,1,1,1,1,0,1,1,6,3,9,2,1,3,0.75
40,2274824044,"Lisondra, Jaymarc K.",1,1,1,1,1,1,1,1,1,1,1,1,8,4,12,0,0,0,1
41,2379538533,"Tolentino, Sean E.",1,1,1,1,1,1,1,1,1,1,1,1,8,4,12,0,0,0,1
42,2295394305,"Flores, Mary G.",1,1,0,1,1,1,1,1,0,1,1,1,7,3,10,1,1,2,0.8333333333333334
43,2292220987,"Tan, John F.",1,1,0,1,1,1,1,0,0,0,1,1,6,2,8,2,2,4,0.6666666666666666
44,2366849674,"Cruz, Thomas C.",1,1,1,0,1,1,1,1,1,1,1,1,7,4,11,1,0,1,0.9166666666666666
45,2203063486,"Villanueva, Miguel G.",1,1,1,1,1,1,1,1,1,1,1,1,8,4,12,0,0,0,1
46,2355554173,"Quimbo, Mary M.",1,0,1,1,1,0,1,0,1,1,1,1,5,4,9,3,0,3,0.75
47,2260477796,"Rivera, Jeter F.",1,1,0,1,1,0,1,1,1,1,1,1,6,4,10,2,0,2,0.8333333333333334
48,2321502087,"Merina, Patrick K.",0,1,0,1,1,1,0,1,1,1,0,1,5,3,8,3,1,4,0.6666666666666666
49,2360472086,"Cabuco, Nathan O.",1,1,1,1,1,1,1,1,1,1,1,1,8,4,12,0,0,0,1
50,2341324106,"Lisondra, Angela L.",1,1,1,1,1,1,1,0,1,1,1,1,7,4,11,1,0,1,0.9166666666666666
51,2235615196,"Lintawahan, Johann C.",1,0,1,1,1,1,1,1,1,1,1,0,7,3,10,1,1,2,0.8333333333333334
52,2337281919,"Salto, Juvel B.",1,1,1,1,1,1,1,1,1,1,1,1,8,4,12,0,0,0,1
53,2326900416,"Mercado, Sean O.",0,0,1,0,0,1,1,0,1,0,0,0,3,1,4,5,3,8,0.3333333333333333
54,2240553602,"Quimbo, Anne H.",1,1,0,0,1,1,1,1,0,1,1,1,6,3,9,2,1,3,0.75
55,2321420541,"Lisondra, John C.",1,1,1,1,0,1,1,1,1,0,1,1,7,3,10,1,1,2,0.8333333333333334
56,2205411830,"Magante, Kate H.",0,1,1,0,1,1,1,0,0,1,1,1,5,3,8,3,1,4,0.6666666666666666
57,2371636578,"Gonzales, Sean I.",1,1,1,1,1,1,1,1,1,1,1,1,8,4,12,0,0,0,1
58,2212759157,"Tilanduca, Kevin B.",1,1,0,1,1,0,0,1,1,1,1,1,5,4,9,3,0,3,0.75
59,2299608938,"Valdez, Rogelio I.",1,1,1,1,1,1,1,1,1,1,1,1,8,4,12,0,0,0,1
60,2366047937,"Quimbo, Ian B.",1,0,1,1,1,1,1,0,1,1,0,1,6,3,9,2,1,3,0.75
61,2300861581,"Halinon, Elisabeth C.",1,1,1,1,1,1,1,1,1,1,1,1,8,4,12,0,0,0,1
62,2233920232,"Aquino, Gabriel C.",0,0,1,1,0,0,1,0,0,1,1,0,3,2,5,5,2,7,0.4166666666666667
63,2297877423,"Delfin, Mary L.",0,1,1,1,1,1,1,1,1,1,1,1,7,4,11,1,0,1,0.9166666666666666
64,2249845357,"Salto, Daniel N.",1,0,1,0,1,0,1,1,0,0,1,1,5,2,7,3,2,5,0.5833333333333334
65,2373063753,"Navarro, Khiara E.",1,1,1,1,0,1,0,1,1,1,1,1,6,4,10,2,0,2,0.8333333333333334
66,2384875828,"Abad, Miguel O.",1,1,1,1,1,0,1,1,1,1,0,0,7,2,9,1,2,3,0.75
67,2233889224,"Mendoza, Lance H.",1,0,1,1,0,0,1,1,1,1,1,1,5,4,9,3,0,3,0.75
68,2323736914,"Domingo, Renz L.",0,0,1,1,1,0,0,1,1,1,0,0,4,2,6,4,2,6,0.5
69,2349504649,"Dela Cruz, Maria M.",1,1,1,1,1,1,1,1,1,1,1,1,8,4,12,0,0,0,1
70,2392553352,"Rivera, Natalie P.",1,1,0,1,1,0,1,1,0,1,1,1,6,3,9,2,1,3,0.75
71,2289916450,"Merina, James N.",1,0,1,1,1,1,0,0,1,0,1,1,5,3,8,3,1,4,0.6666666666666666
72,2285206184,"Malana, Rica N.",1,1,1,1,1,1,0,1,0,1,1,1,7,3,10,1,1,2,0.8333333333333334
73,2330971107,"Mercado, Ella I.",1,1,1,1,1,1,1,1,1,1,1,1,8,4,12,0,0,0,1
74,2392700843,"Torres, Faith O.",1,1,1,1,1,1,1,1,1,1,1,1,8,4,12,0,0,0,1
75,2393564337,"Albarracin, Carlo E.",1,1,1,0,1,0,1,1,1,1,1,1,6,4,10,2,0,2,0.8333333333333334
76,2278703199,"Reyes, John J.",0,1,1,0,1,1,1,1,0,1,1,1,6,3,9,2,1,3,0.75
77,2382033177,"Rubio, Kevin F.",1,1,1,1,1,0,0,1,1,1,0,1,6,3,9,2,1,3,0.75
78,2204069756,"Tolentino, Miky L.",1,1,1,1,1,1,1,0,1,1,1,1,7,4,11,1,0,1,0.9166666666666666
79,2389425779,"Delfin, Christian G.",1,1,0,0,1,1,0,0,0,0,1,0,4,1,5,4,3,7,0.4166666666666667
80,2232202942,"Merina, Renz P.",1,1,1,0,0,1,1,1,0,1,1,1,6,3,9,2,1,3,0.75
81,2389008135,"Bautista, Juvel B.",0,0,1,1,0,0,1,1,0,0,1,0,4,1,5,4,3,7,0.4166666666666667
82,2201932354,"Rubio, Mark J.",1,1,1,1,1,1,1,1,1,1,1,1,8,4,12,0,0,0,1
83,2210013062,"Halinon, Winchel B.",1,1,1,1,1,1,1,1,1,1,1,1,8,4,12,0,0,0,1
84,2281665110,"Mendoza, Jessa F.",1,1,1,0,1,0,0,1,1,0,1,1,5,3,8,3,1,4,0.6666666666666666
85,2351964329,"Malana, Alyssa E.",1,1,1,1,0,1,1,1,1,1,1,1,7,4,11,1,0,1,0.9166666666666666
86,2257073236,"Rivera, Miguel A.",1,1,1,1,1,1,1,1,1,1,1,1,8,4,12,0,0,0,1
87,2227469944,"Valdez, Jannerie P.",0,1,1,1,1,1,0,1,1,1,1,1,6,4,10,2,0,2,0.8333333333333334
88,2348811979,"Maraon, Thomas K.",1,1,1,1,1,1,1,1,1,1,1,1,8,4,12,0,0,0,1
89,2370302684,"Soriano, Maria E.",1,1,1,1,1,1,1,0,1,0,1,0,7,2,9,1,2,3,0.75
90,2249121577,"Flores, Carlo E.",0,1,1,1,1,0,1,1,1,1,1,1,6,4,10,2,0,2,0.8333333333333334
91,2216063238,"Magante, John F.",1,1,0,1,0,0,1,1,1,1,1,1,5,4,9,3,0,3,0.75
92,2358581305,"Castro, Elisabeth M.",0,1,1,1,1,1,1,1,1,1,1,1,7,4,11,1,0,1,0.9166666666666666
93,2288611064,"Santos, Jaymarc I.",1,1,1,1,1,1,1,1,1,1,1,1,8,4,12,0,0,0,1
94,2225567329,"Garcia, Miguel O.",0,1,1,1,1,1,1,1,1,0,1,1,7,3,10,1,1,2,0.8333333333333334
95,2312081294,"Gonzales, Jeter C.",1,1,1,1,1,1,1,1,1,1,1,1,8,4,12,0,0,0,1
96,2394514973,"Magante, EJ G.",1,1,1,1,1,1,1,1,1,1,1,1,8,4,12,0,0,0,1
97,2279235017,"Publico, Dean P.",1,1,1,0,1,0,0,0,1,1,1,0,4,3,7,4,1,5,0.5833333333333334
98,2265967062,"Tolentino, Donna E.",1,1,1,1,1,1,1,1,1,1,1,1,8,4,12,0,0,0,1
99,2352188294,"Maraon, Thomas M.",1,1,1,1,1,1,1,1,1,1,0,1,8,3,11,0,1,1,0.9166666666666666
100,2280304483,"Malana, Anne D.",0,1,1,0,0,0,1,0,0,1,1,1,3,3,6,5,1,6,0.5
101,2339511059,"Salazar, Pia F.",1,0,0,0,1,0,1,0,0,1,0,1,3,2,5,5,2,7,0.4166666666666667
102,2345120046,"Salazar, Sean K.",1,0,1,1,1,1,1,1,1,1,0,0,7,2,9,1,2,3,0.75
103,2285070158,"Ramos, Ella J.",1,1,1,1,1,0,1,1,1,0,1,1,7,3,10,1,1,2,0.8333333333333334
104,2322064651,"Lisondra, Jessa L.",0,1,0,1,1,1,1,1,1,1,1,1,6,4,10,2,0,2,0.8333333333333334
105,2246153252,"Salto, Franz P.",1,0,1,1,1,1,1,1,1,1,0,1,7,3,10,1,1,2,0.8333333333333334
106,2264604723,"Villanueva, Natalie L.",1,1,1,1,1,1,1,1,1,1,1,1,8,4,12,0,0,0,1
107,2237396869,"Rubio, Meljon N.",1,1,1,1,1,1,1,1,1,1,1,1,8,4,12,0,0,0,1
108,2288856046,"Lantinay, John C.",1,0,1,1,1,1,1,1,1,1,1,1,7,4,11,1,0,1,0.9166666666666666
109,2234349662,"Navarro, Lance O.",1,1,1,1,0,1,0,0,0,0,1,1,5,2,7,3,2,5,0.5833333333333334
110,2236621328,"Lantinay, Paul O.",1,0,1,1,0,0,1,0,1,1,0,1,4,3,7,4,1,5,0.5833333333333334
111,2364831323,"Maraon, Angela O.",0,1,1,0,1,1,1,0,1,1,0,1,5,3,8,3,1,4,0.6666666666666666
112,2394590185,"Lintawahan, Joshua A.",1,1,0,1,1,0,0,1,1,1,1,1,5,4,9,3,0,3,0.75
113,2353573449,"Malana, Sean F.",1,1,1,1,1,1,0,1,1,1,1,1,7,4,11,1,0,1,0.9166666666666666
114,2284189997,"Torres, Kate G.",0,0,1,1,0,1,0,0,0,0,1,1,3,2,5,5,2,7,0.4166666666666667
115,2389307369,"Garcia, Angela P.",1,1,1,1,0,1,1,1,1,0,1,1,7,3,10,1,1,2,0.8333333333333334
116,2335113039,"Gumapac, Angela L.",0,1,1,1,0,1,1,1,1,0,1,0,6,2,8,2,2,4,0.6666666666666666
117,2267642640,"Malana, Jannerie K.",1,1,0,1,0,1,0,1,1,0,1,0,5,2,7,3,2,5,0.5833333333333334
118,2352345718,"Tilanduca, Miguel H.",1,1,1,1,1,1,1,1,1,1,1,1,8,4,12,0,0,0,1
119,2313693456,"Añonuevo, Jessa E.",1,0,1,0,1,0,0,1,1,1,1,1,4,4,8,4,0,4,0.6666666666666666
120,2285559560,"Valdez, Claire K.",1,0,0,1,1,0,1,1,0,0,0,0,5,0,5,3,4,7,0.4166666666666667
121,2233189051,"Torres, Angela J.",1,1,1,1,1,1,0,1,1,1,0,1,7,3,10,1,1,2,0.8333333333333334
122,2228355544,"Valdez, Meljon E.",1,1,1,1,0,1,1,1,1,1,0,0,7,2,9,1,2,3,0.75
123,2246094258,"Gumapac, Kim M.",1,1,1,1,1,1,1,1,1,1,1,0,8,3,11,0,1,1,0.9166666666666666
124,2224547574,"Mendoza, Nathan E.",1,1,1,1,1,0,1,0,1,1,0,1,6,3,9,2,1,3,0.75
125,2216727963,"Valdez, Christian L.",1,1,1,0,1,1,1,1,0,1,1,1,7,3,10,1,1,2,0.8333333333333334
126,2352291964,"Castro, Mary G.",1,0,1,1,1,1,1,0,1,0,0,0,6,1,7,2,3,5,0.5833333333333334
127,2240651142,"Lantinay, Johann E.",1,0,1,1,1,1,1,1,1,1,1,0,7,3,10,1,1,2,0.8333333333333334
128,2283362232,"Nuer, Dean J.",0,1,0,1,1,1,1,1,0,1,1,1,6,3,9,2,1,3,0.75
129,2320891310,"Garcia, Nicole G.",1,1,1,1,1,1,1,1,1,1,1,1,8,4,12,0,0,0,1
130,2209969176,"Dela Cruz, Mark K.",1,0,0,0,0,1,1,1,1,1,1,1,4,4,8,4,0,4,0.6666666666666666
131,2251998510,"Malana, Dean I.",1,0,0,1,0,0,0,0,0,1,1,0,2,2,4,6,2,8,0.3333333333333333
132,2372313000,"Dela Cruz, Anne P.",1,1,1,0,1,0,1,1,1,1,0,1,6,3,9,2,1,3,0.75
133,2241568831,"Rubio, Dean D.",1,1,1,1,1,1,1,1,1,1,1,1,8,4,12,0,0,0,1
134,2339732112,"Valdez, Mary E.",1,1,1,0,1,1,0,1,1,1,0,1,6,3,9,2,1,3,0.75
135,2340502733,"Cajes, Lester A.",1,1,1,1,0,0,1,1,0,1,0,1,6,2,8,2,2,4,0.6666666666666666
136,2364467033,"Albarracin, Kyle F.",0,1,1,1,1,1,1,1,1,1,1,0,7,3,10,1,1,2,0.8333333333333334
137,2281659605,"Publico, Lance K.",1,1,1,1,1,1,1,0,1,1,1,1,7,4,11,1,0,1,0.9166666666666666
138,2247637267,"Mercado, Patrick G.",1,1,1,1,1,1,0,1,1,1,1,1,7,4,11,1,0,1,0.9166666666666666
139,2293408639,"Navarro, Trisha I.",1,1,1,1,1,1,1,1,0,1,1,0,8,2,10,0,2,2,0.8333333333333334
140,2268750543,"Lintawahan, Natalie J.",0,1,1,1,1,1,1,1,1,1,1,1,7,4,11,1,0,1,0.9166666666666666
141,2218136128,"Rivera, Ian K.",0,1,1,1,1,1,0,1,1,1,1,0,6,3,9,2,1,3,0.75
142,2391070812,"Gumapac, Justine G.",1,0,1,1,1,1,1,1,1,1,1,1,7,4,11,1,0,1,0.9166666666666666
143,2289937266,"Uy, Nicole J.",1,1,1,1,1,1,1,1,1,1,1,1,8,4,12,0,0,0,1
144,2239446440,"Lopez, Lester F.",1,1,0,1,0,0,1,1,0,1,1,0,5,2,7,3,2,5,0.5833333333333334
145,2202253363,"Reyes, Juvel G.",0,1,0,0,1,0,1,0,0,1,0,0,3,1,4,5,3,8,0.3333333333333333
146,2361086830,"De Guzman, Princess N.",0,0,0,0,1,1,1,0,1,0,1,1,3,3,6,5,1,6,0.5
147,2214042462,"Lintawahan, Jessa D.",0,1,1,1,1,1,1,1,0,0,1,0,7,1,8,1,3,4,0.6666666666666666
148,2229162700,"Cabuco, Jannerie D.",1,1,1,1,1,1,1,0,1,0,1,1,7,3,10,1,1,2,0.8333333333333334
149,2230643573,"Gumapac, Donna P.",1,0,1,1,1,1,1,1,1,1,1,1,7,4,11,1,0,1,0.9166666666666666
150,2203596394,"Aquino, Donna F.",1,1,1,1,1,1,1,1,1,1,1,1,8,4,12,0,0,0,1
151,2312676588,"Lantinay, Christian O.",1,1,1,1,1,1,1,1,1,1,0,1,8,3,11,0,1,1,0.9166666666666666
152,2341419438,"Neri, Dean D.",1,1,1,1,1,1,1,1,1,1,1,1,8,4,12,0,0,0,1
153,2348772528,"Maraon, Nathan M.",1,1,1,1,0,0,1,0,0,1,1,1,5,3,8,3,1,4,0.6666666666666666
154,2337455873,"Delfin, Renz O.",1,1,0,0,1,1,1,1,0,0,0,1,6,1,7,2,3,5,0.5833333333333334
155,2245065120,"Añonuevo, Daniel N.",1,0,1,1,0,0,1,0,1,0,1,1,4,3,7,4,1,5,0.5833333333333334
156,2398625922,"Cruz, Pia N.",0,0,0,1,0,1,1,1,1,1,1,0,4,3,7,4,1,5,0.5833333333333334
157,2238092413,"Malana, Winchel J.",1,0,0,0,0,1,1,0,1,0,0,1,3,2,5,5,2,7,0.4166666666666667
158,2204428059,"De Guzman, Carlo A.",1,1,1,0,1,1,1,0,0,1,0,0,6,1,7,2,3,5,0.5833333333333334
159,2338149660,"Tilanduca, Meljon J.",1,0,0,1,1,1,1,1,1,1,1,1,6,4,10,2,0,2,0.8333333333333334
160,2384249841,"Bautista, Paolo F.",0,0,0,0,1,1,1,1,0,1,0,1,4,2,6,4,2,6,0.5
161,2354726808,"Delfin, Faith C.",1,1,1,1,1,1,1,1,1,1,1,1,8,4,12,0,0,0,1
162,2328468505,"Delfin, Justine A.",1,1,1,1,1,1,1,1,1,1,1,1,8,4,12,0,0,0,1
163,2212771340,"Dela Cruz, Miky G.",1,0,1,1,1,1,0,0,1,1,1,1,5,4,9,3,0,3,0.75
164,2215567475,"Salazar, Meljon I.",0,1,1,1,1,1,1,1,0,1,0,0,7,1,8,1,3,4,0.6666666666666666
165,2278802418,"Tilanduca, Thomas J.",1,1,0,1,1,1,1,1,1,1,1,1,7,4,11,1,0,1,0.9166666666666666
166,2202350186,"Gumapac, Winchel M.",1,0,0,1,0,0,1,1,1,0,1,0,4,2,6,4,2,6,0.5
167,2220634597,"Dela Cruz, Donna C.",1,0,0,0,1,1,1,1,1,1,1,1,5,4,9,3,0,3,0.75
168,2353165831,"Uy, Natalie K.",0,1,1,1,0,0,0,1,1,1,0,1,4,3,7,4,1,5,0.5833333333333334
169,2345584178,"Mercado, Nicole C.",1,1,1,1,1,1,0,1,1,1,1,1,7,4,11,1,0,1,0.9166666666666666
170,2325742263,"Cabuco, Kate C.",0,1,1,1,1,1,0,1,1,0,1,0,6,2,8,2,2,4,0.6666666666666666
171,2300169502,"Soriano, Kyle G.",1,1,0,1,1,1,1,1,0,0,0,1,7,1,8,1,3,4,0.6666666666666666
172,2260834063,"De Guzman, Claire L.",1,1,1,1,1,1,0,1,1,1,1,1,7,4,11,1,0,1,0.9166666666666666
173,2330256141,"Merina, Christian P.",1,1,1,0,0,0,1,1,1,0,1,1,5,3,8,3,1,4,0.6666666666666666
174,2352291484,"Magante, Mark J.",1,1,0,1,1,0,1,1,1,1,1,0,6,3,9,2,1,3,0.75
175,2304471637,"Aquino, Carlo A.",0,1,1,1,1,1,1,1,1,1,1,1,7,4,11,1,0,1,0.9166666666666666
176,2313926507,"Uy, Lester B.",0,1,1,1,1,1,1,1,1,1,1,1,7,4,11,1,0,1,0.9166666666666666
177,2356152242,"De Guzman, James A.",1,1,1,1,1,1,1,1,1,0,0,1,8,2,10,0,2,2,0.8333333333333334
178,2330511452,"Salazar, Sean P.",1,1,0,0,0,1,1,1,1,1,1,1,5,4,9,3,0,3,0.75
179,2327612591,"Lintawahan, Kim C.",1,1,1,1,0,1,1,1,1,1,1,1,7,4,11,1,0,1,0.9166666666666666
180,2338049144,"De Guzman, Dean H.",1,1,1,1,1,1,1,1,1,1,1,1,8,4,12,0,0,0,1
181,2294441106,"Tan, Justine I.",0,1,1,1,1,1,1,1,1,1,1,1,7,4,11,1,0,1,0.9166666666666666
182,2302221717,"Gumapac, Christian H.",1,1,1,1,0,1,1,1,1,1,1,1,7,4,11,1,0,1,0.9166666666666666
183,2381844406,"Publico, Justine K.",1,1,0,0,0,1,0,1,1,1,0,0,4,2,6,4,2,6,0.5
184,2233179636,"Torres, Thomas P.",1,0,1,1,1,1,1,1,1,1,1,1,7,4,11,1,0,1,0.9166666666666666
185,2209740968,"Cabuco, Faith M.",1,1,1,1,1,1,1,1,1,1,1,1,8,4,12,0,0,0,1
186,2365573495,"Rivera, Sean F.",1,1,1,1,0,1,1,0,1,1,1,1,6,4,10,2,0,2,0.8333333333333334
187,2327966487,"Valdez, John F.",1,1,1,1,1,1,1,1,0,1,0,1,8,2,10,0,2,2,0.8333333333333334
188,2297895005,"Uy, Pia I.",1,1,1,1,1,1,1,1,1,1,1,1,8,4,12,0,0,0,1
189,2372954559,"Valdez, Princess N.",1,1,1,1,1,1,1,1,1,1,1,0,8,3,11,0,1,1,0.9166666666666666
190,2234565145,"Nuer, Ella I.",1,1,1,0,1,0,1,1,1,1,1,1,6,4,10,2,0,2,0.8333333333333334
191,2319959971,"Magante, Daniel E.",0,0,1,1,1,1,1,1,1,0,1,1,6,3,9,2,1,3,0.75
192,2294192280,"Albarracin, Juvel H.",1,1,1,1,0,0,1,1,1,1,0,1,6,3,9,2,1,3,0.75
193,2263066409,"Tilanduca, John L.",0,1,1,1,1,1,1,1,1,1,1,1,7,4,11,1,0,1,0.9166666666666666
194,2237674735,"Dela Cruz, James O.",1,1,1,1,1,0,0,1,1,1,0,0,6,2,8,2,2,4,0.6666666666666666
195,2333494252,"Villanueva, Princess N.",1,0,0,1,1,1,1,1,1,0,1,1,6,3,9,2,1,3,0.75
196,2267347095,"Publico, Kyle G.",1,0,0,1,0,0,1,0,0,1,1,1,3,3,6,5,1,6,0.5
197,2370895207,"Quimbo, Jade A.",0,1,1,1,1,0,1,1,0,1,0,0,6,1,7,2,3,5,0.5833333333333334
198,2389261339,"Dela Cerna, Meljon D.",0,0,0,0,0,1,0,1,0,0,0,0,2,0,2,6,4,10,0.1666666666666667
199,2346927029,"Tan, Jade O.",1,1,1,1,1,1,1,1,1,1,0,1,8,3,11,0,1,1,0.9166666666666666
200,2377708219,"Dela Cerna, Justine M.",1,1,1,1,1,1,1,1,1,1,1,1,8,4,12,0,0,0,1
201,2354279915,"Maraon, Trisha M.",1,1,1,1,1,0,0,0,0,1,1,0,5,2,7,3,2,5,0.5833333333333334
202,2272354341,"De Guzman, Kyle C.",1,0,1,1,0,1,0,1,0,1,0,1,5,2,7,3,2,5,0.5833333333333334
203,2245777535,"Tilanduca, Paolo M.",1,1,1,1,1,1,1,1,1,1,1,1,8,4,12,0,0,0,1
204,2322441132,"Halinon, Claire A.",1,1,0,1,0,0,0,1,1,1,1,0,4,3,7,4,1,5,0.5833333333333334
205,2242904682,"Aquino, Nicole L.",1,1,1,1,0,0,0,0,1,0,0,1,4,2,6,4,2,6,0.5
206,2290762037,"Tan, Patrick N.",1,1,1,1,1,0,1,1,0,1,1,0,7,2,9,1,2,3,0.75
207,2355418798,"Cabuco, Anne H.",0,1,1,1,1,1,1,0,1,0,0,1,6,2,8,2,2,4,0.6666666666666666
208,2376086606,"Gumapac, Kevin H.",1,1,1,1,1,0,1,1,1,1,1,0,7,3,10,1,1,2,0.8333333333333334
209,2240142849,"Halinon, Kyle H.",0,1,0,1,1,1,0,0,0,1,1,1,4,3,7,4,1,5,0.5833333333333334
210,2347679633,"De Guzman, Elisabeth I.",0,0,1,1,0,0,1,1,0,1,1,1,4,3,7,4,1,5,0.5833333333333334
211,2206121299,"Dela Cruz, Lester M.",1,1,0,1,1,0,0,0,1,0,0,0,4,1,5,4,3,7,0.4166666666666667
212,2205931756,"Tan, Thomas L.",1,0,1,0,1,0,0,1,1,1,1,1,4,4,8,4,0,4,0.6666666666666666
213,2242003289,"Quimbo, Miguel K.",1,0,1,1,1,0,1,0,0,1,0,1,5,2,7,3,2,5,0.5833333333333334
214,2240063487,"Nuer, Mark K.",1,0,0,1,1,1,0,1,1,0,0,0,5,1,6,3,3,6,0.5
215,2297438481,"Torres, Dean P.",1,1,1,0,1,1,1,1,0,0,0,0,7,0,7,1,4,5,0.5833333333333334
216,2248534066,"Halinon, Lester P.",1,1,1,1,1,1,1,1,1,1,1,1,8,4,12,0,0,0,1
217,2307196070,"Publico, Kyle M.",0,1,1,1,0,1,0,1,1,0,1,0,5,2,7,3,2,5,0.5833333333333334
218,2387861716,"Dela Cerna, Daniel M.",1,0,0,1,1,1,1,1,0,1,1,1,6,3,9,2,1,3,0.75
219,2302650770,"Delfin, Nathan B.",1,1,1,1,1,1,1,1,1,1,1,1,8,4,12,0,0,0,1
220,2334853256,"Dela Cerna, Natalie A.",1,1,1,1,1,1,1,1,1,1,1,1,8,4,12,0,0,0,1
221,2210857232,"Castro, Gabriel B.",1,1,0,1,1,1,1,1,1,1,1,1,7,4,11,1,0,1,0.9166666666666666
222,2299937100,"Gonzales, Justine C.",1,0,1,1,1,1,1,1,0,1,1,0,7,2,9,1,2,3,0.75
223,2364435479,"Lopez, Nicole L.",1,0,0,0,1,0,1,1,1,1,1,0,4,3,7,4,1,5,0.5833333333333334
224,2351435390,"Valdez, Jaymarc G.",0,1,0,0,1,1,1,1,0,1,1,0,5,2,7,3,2,5,0.5833333333333334
225,2381515584,"Albarracin, Christian B.",1,0,1,1,1,1,1,0,1,1,0,1,6,3,9,2,1,3,0.75
226,2276285414,"Santos, Princess M.",1,0,0,1,0,1,0,1,0,1,1,1,4,3,7,4,1,5,0.5833333333333334
227,2301452759,"Tilanduca, Kyle G.",1,1,1,0,1,1,1,1,1,1,1,1,7,4,11,1,0,1,0.9166666666666666
228,2284478411,"Reyes, Thomas C.",1,1,0,1,0,1,1,1,0,1,0,1,6,2,8,2,2,4,0.6666666666666666
229,2231725229,"Garcia, Jaira D.",1,1,1,1,1,1,1,1,0,1,1,0,8,2,10,0,2,2,0.8333333333333334
230,2215441794,"Torres, Kim M.",1,0,1,0,0,1,0,1,0,0,1,0,4,1,5,4,3,7,0.4166666666666667
231,2366609131,"Tolentino, Sean M.",1,1,0,0,0,1,0,0,1,1,1,0,3,3,6,5,1,6,0.5
232,2288474989,"Delfin, Miky C.",1,1,1,1,1,1,1,1,1,1,1,1,8,4,12,0,0,0,1
233,2378868622,"Melendez, Maria P.",1,1,1,1,1,1,1,1,1,1,1,1,8,4,12,0,0,0,1
234,2240386287,"Melendez, Rica O.",1,1,0,0,0,1,1,0,1,0,0,1,4,2,6,4,2,6,0.5
235,2348340230,"Cruz, John L.",1,1,1,1,1,1,1,1,1,1,1,1,8,4,12,0,0,0,1
236,2380869494,"Aquino, Daniel A.",0,0,1,1,0,1,1,1,0,1,0,1,5,2,7,3,2,5,0.5833333333333334
237,2250872901,"Quimbo, Winchel A.",1,1,1,1,1,1,1,1,1,1,1,1,8,4,12,0,0,0,1
238,2339767588,"Torres, Rogelio C.",0,1,1,1,1,1,0,0,0,1,1,0,5,2,7,3,2,5,0.5833333333333334
239,2278633800,"Navarro, Kyle J.",1,1,1,1,0,1,1,0,0,1,0,0,6,1,7,2,3,5,0.5833333333333334
240,2274878030,"Tolentino, John D.",1,1,1,1,1,1,1,1,1,1,1,1,8,4,12,0,0,0,1
241,2378346525,"Halinon, Jannerie F.",1,1,1,1,1,1,1,1,0,1,1,1,8,3,11,0,1,1,0.9166666666666666
242,2204184460,"Dela Cruz, Natalie O.",1,1,1,0,1,1,1,0,1,1,1,0,6,3,9,2,1,3,0.75
243,2285092729,"Delfin, John A.",1,1,1,1,0,1,1,1,1,1,0,1,7,3,10,1,1,2,0.8333333333333334
244,2235871713,"Gonzales, Donna F.",1,1,1,1,0,1,0,1,1,1,1,1,6,4,10,2,0,2,0.8333333333333334
245,2332995560,"Mercado, Jaira M.",1,0,0,0,0,1,0,1,0,0,0,1,3,1,4,5,3,8,0.3333333333333333
246,2379403770,"Gonzales, Ian E.",1,1,1,1,1,1,1,1,1,1,1,1,8,4,12,0,0,0,1
247,2299074333,"Dela Cerna, Gabriel K.",1,0,1,1,1,0,1,1,1,1,0,1,6,3,9,2,1,3,0.75
248,2305358990,"Bautista, Meljon J.",0,1,1,1,1,1,1,1,0,1,1,1,7,3,10,1,1,2,0.8333333333333334
249,2366992993,"Reyes, Ella E.",1,1,1,1,1,1,1,1,1,1,1,1,8,4,12,0,0,0,1
250,2347534835,"Aquino, Jade G.",0,1,0,1,1,1,1,1,1,1,1,1,6,4,10,2,0,2,0.8333333333333334
251,2222668810,"Garcia, John F.",1,1,0,1,1,1,1,1,1,0,0,1,7,2,9,1,2,3,0.75
252,2202226761,"Delfin, Ella G.",0,1,1,1,1,1,1,1,1,1,0,0,7,2,9,1,2,3,0.75
253,2317681281,"Tolentino, Princess O.",1,1,1,0,1,1,1,0,0,0,1,1,6,2,8,2,2,4,0.6666666666666666
254,2227323891,"Domingo, Pol N.",0,0,1,1,1,1,0,1,0,0,0,1,5,1,6,3,3,6,0.5
255,2209615327,"Neri, Mary B.",1,1,1,1,0,1,0,1,1,1,1,1,6,4,10,2,0,2,0.8333333333333334
256,2325221974,"Mendoza, John N.",1,1,1,1,1,0,0,1,1,1,1,1,6,4,10,2,0,2,0.8333333333333334
257,2265561813,"Torres, Pia A.",1,0,1,0,1,1,0,1,1,1,0,1,5,3,8,3,1,4,0.6666666666666666
258,2389952270,"Magante, John C.",1,1,1,1,1,1,1,1,1,1,0,1,8,3,11,0,1,1,0.9166666666666666
259,2299132256,"Uy, Paolo C.",1,1,1,0,0,1,1,0,0,0,1,1,5,2,7,3,2,5,0.5833333333333334
260,2335606985,"De Guzman, Trisha D.",0,0,1,0,0,0,0,1,1,0,1,0,2,2,4,6,2,8,0.3333333333333333
261,2340771023,"Magante, Mark J.",1,1,0,1,0,1,0,1,0,1,0,1,5,2,7,3,2,5,0.5833333333333334
262,2320522579,"Cajes, Miguel E.",1,0,1,0,1,0,0,0,1,0,1,1,3,3,6,5,1,6,0.5
263,2285993601,"Gumapac, Daniel O.",1,1,1,1,1,0,1,0,1,0,1,1,6,3,9,2,1,3,0.75
264,2202152742,"Publico, Juvel K.",1,1,1,1,1,1,1,1,1,1,1,1,8,4,12,0,0,0,1
265,2288608332,"Cruz, Winchel G.",1,1,1,1,1,1,1,1,1,1,1,1,8,4,12,0,0,0,1
266,2304646317,"Uy, John J.",1,1,1,0,1,0,1,0,0,1,1,0,5,2,7,3,2,5,0.5833333333333334
267,2218747818,"Lantinay, Elisabeth M.",0,1,1,1,0,1,0,1,1,1,0,0,5,2,7,3,2,5,0.5833333333333334
268,2261269188,"Santos, Meljon A.",1,1,1,1,1,1,1,1,1,1,1,1,8,4,12,0,0,0,1
269,2369576404,"Merina, Christian D.",1,1,1,1,1,1,1,1,1,1,1,1,8,4,12,0,0,0,1
270,2372515901,"Bautista, Kate G.",0,1,1,1,1,1,1,1,1,1,1,1,7,4,11,1,0,1,0.9166666666666666
271,2244762803,"Flores, Renz E.",1,1,1,1,1,1,1,1,0,1,1,1,8,3,11,0,1,1,0.9166666666666666
272,2292817041,"Salazar, Johann J.",0,0,1,0,1,1,0,0,1,1,1,1,3,4,7,5,0,5,0.5833333333333334
273,2326918333,"Ramos, Nicole B.",0,1,1,1,1,1,1,1,1,1,1,1,7,4,11,1,0,1,0.9166666666666666
274,2336535539,"Gumapac, Maria D.",1,0,1,0,1,1,1,0,0,1,1,1,5,3,8,3,1,4,0.6666666666666666
275,2339043202,"Soriano, Alyssa D.",0,0,0,0,1,1,0,1,1,0,1,0,3,2,5,5,2,7,0.4166666666666667
276,2310328988,"Dela Cruz, Gabriel N.",1,1,1,0,1,1,1,1,1,1,1,1,7,4,11,1,0,1,0.9166666666666666
277,2360708581,"Abad, James H.",1,1,1,1,1,1,1,1,1,1,1,1,8,4,12,0,0,0,1
278,2227737080,"Publico, Jessa C.",1,0,1,1,1,1,1,1,0,1,0,1,7,2,9,1,2,3,0.75
279,2346097145,"Dela Cerna, Mark B.",0,0,1,1,1,1,0,0,0,0,0,0,4,0,4,4,4,8,0.3333333333333333
280,2384978726,"Dela Cerna, Mary P.",1,1,1,1,1,1,1,1,1,1,1,1,8,4,12,0,0,0,1
281,2303159388,"Flores, Kim L.",1,1,1,1,1,1,1,1,1,1,1,1,8,4,12,0,0,0,1
282,2314057666,"Mendoza, Mark P.",1,1,1,0,1,0,1,1,0,1,0,0,6,1,7,2,3,5,0.5833333333333334
283,2344836851,"Villanueva, Joshua I.",0,1,0,0,1,1,1,1,0,0,1,1,5,2,7,3,2,5,0.5833333333333334
284,2379095300,"Dela Cerna, Jade G.",0,1,0,1,0,1,1,0,1,1,0,1,4,3,7,4,1,5,0.5833333333333334
285,2325147824,"Castro, Ella E.",0,0,1,1,1,1,1,1,1,0,1,0,6,2,8,2,2,4,0.6666666666666666
286,2331293833,"Delfin, Kim N.",1,1,1,1,1,1,1,1,1,1,1,1,8,4,12,0,0,0,1
287,2395410204,"Aquino, Ella D.",1,1,0,1,1,0,1,0,1,1,1,1,5,4,9,3,0,3,0.75
288,2258474349,"Mendoza, Lance N.",0,1,0,1,1,1,0,0,1,0,1,0,4,2,6,4,2,6,0.5
289,2349371767,"Gonzales, Miguel L.",0,0,0,1,0,1,1,0,0,0,1,1,3,2,5,5,2,7,0.4166666666666667
290,2393571843,"Quimbo, Patrick D.",0,0,1,1,1,1,1,1,0,1,0,1,6,2,8,2,2,4,0.6666666666666666
291,2268002447,"De Guzman, Johann E.",1,1,1,1,1,1,1,1,1,1,1,1,8,4,12,0,0,0,1
292,2374706378,"Lisondra, Jaymarc H.",1,0,1,0,1,1,0,1,1,1,1,0,5,3,8,3,1,4,0.6666666666666666
293,2392545800,"Villanueva, Kevin I.",1,1,1,1,1,1,1,0,1,1,1,1,7,4,11,1,0,1,0.9166666666666666
294,2384681546,"Maraon, Franz C.",1,1,1,1,1,1,1,1,0,1,0,1,8,2,10,0,2,2,0.8333333333333334
295,2336436960,"Lisondra, Nathan J.",1,1,1,1,1,1,1,1,1,1,1,1,8,4,12,0,0,0,1
296,2335005829,"Mendoza, Pol L.",0,0,1,0,1,1,0,1,1,0,1,0,4,2,6,4,2,6,0.5
297,2390505463,"Cajes, Kim D.",1,1,1,1,1,1,1,1,1,1,1,1,8,4,12,0,0,0,1
298,2202107490,"De Guzman, Jeter F.",0,1,1,1,1,1,0,0,0,1,1,1,5,3,8,3,1,4,0.6666666666666666
299,2289429865,"Reyes, Miky O.",1,1,1,1,1,1,1,1,1,1,1,1,8,4,12,0,0,0,1
300,2277486894,"Maraon, Elisabeth E.",0,1,1,0,1,1,1,1,1,1,1,0,6,3,9,2,1,3,0.75
301,2342821842,"Garcia, Nathan G.",1,1,1,1,1,1,1,1,0,1,1,1,8,3,11,0,1,1,0.9166666666666666
302,2222110726,"Uy, Elisabeth B.",1,0,1,1,1,1,1,0,0,0,1,0,6,1,7,2,3,5,0.5833333333333334
303,2241476946,"Merina, Sean I.",1,1,1,1,1,1,1,1,1,1,1,1,8,4,12,0,0,0,1
304,2263073727,"Cruz, Miguel H.",0,1,1,1,1,0,1,1,1,1,1,1,6,4,10,2,0,2,0.8333333333333334
305,2251404122,"De Guzman, Jade I.",0,1,1,1,1,1,1,1,0,1,0,1,7,2,9,1,2,3,0.75
306,2348348834,"Flores, Dean M.",1,0,1,1,1,1,0,1,0,1,1,1,6,3,9,2,1,3,0.75
307,2360739119,"Malana, Princess E.",1,1,0,1,1,1,1,1,0,1,1,1,7,3,10,1,1,2,0.8333333333333334
308,2287648915,"Tan, Kyle N.",1,1,0,1,0,1,1,1,1,1,1,1,6,4,10,2,0,2,0.8333333333333334
309,2237905418,"Flores, Kate E.",1,1,0,1,1,1,1,1,1,1,1,1,7,4,11,1,0,1,0.9166666666666666
310,2387304718,"Valdez, Pol D.",1,1,1,1,1,1,1,0,1,1,1,0,7,3,10,1,1,2,0.8333333333333334
311,2255891248,"Lisondra, John A.",1,1,1,1,0,1,1,1,0,1,1,1,7,3,10,1,1,2,0.8333333333333334
312,2242682245,"Torres, Joshua K.",1,0,1,1,0,1,0,1,1,0,1,0,5,2,7,3,2,5,0.5833333333333334
313,2259113310,"Mercado, Nathan C.",1,1,1,1,1,1,0,0,1,1,1,1,6,4,10,2,0,2,0.8333333333333334
314,2295516556,"Cabuco, Nicole H.",0,1,1,1,1,1,0,0,0,0,1,0,5,1,6,3,3,6,0.5
315,2346411242,"Dela Cruz, Kevin A.",1,1,1,1,1,1,1,0,1,1,1,1,7,4,11,1,0,1,0.9166666666666666
316,2201323521,"Maraon, Sean F.",1,1,1,1,1,1,1,1,1,1,1,1,8,4,12,0,0,0,1
317,2307017469,"Lantinay, Khiara B.",1,1,1,1,1,1,1,1,1,1,1,1,8,4,12,0,0,0,1
318,2262060404,"Dela Cruz, Claire M.",1,1,0,1,0,1,1,1,1,1,1,1,6,4,10,2,0,2,0.8333333333333334
319,2258478990,"Delfin, Lance N.",1,1,1,1,1,0,0,1,1,0,1,0,6,2,8,2,2,4,0.6666666666666666
320,2268303111,"Flores, Kevin C.",0,1,0,1,1,1,1,1,1,1,1,0,6,3,9,2,1,3,0.75
321,2249900807,"Quimbo, Jaymarc D.",1,1,1,1,1,1,1,1,1,1,1,1,8,4,12,0,0,0,1
322,2327203262,"Maraon, Dean M.",1,1,1,1,1,1,1,1,1,1,0,1,8,3,11,0,1,1,0.9166666666666666
323,2277683182,"Tan, Juvel E.",1,1,1,0,1,1,1,1,0,1,1,0,7,2,9,1,2,3,0.75
324,2246642806,"Gumapac, Miky D.",1,1,1,0,1,1,1,1,1,1,1,1,7,4,11,1,0,1,0.9166666666666666
325,2320692153,"Aquino, Christian E.",1,0,1,1,1,1,1,1,1,1,0,0,7,2,9,1,2,3,0.75
326,2260721939,"Aquino, Claire P.",1,1,0,0,1,0,1,0,0,1,1,0,4,2,6,4,2,6,0.5
327,2383491404,"Rivera, James O.",1,1,1,0,1,1,1,0,1,1,1,1,6,4,10,2,0,2,0.8333333333333334
328,2291663304,"Magante, John J.",1,0,0,1,0,1,1,1,1,1,1,0,5,3,8,3,1,4,0.6666666666666666
329,2301353534,"Delfin, Mark H.",0,1,1,1,0,1,1,0,0,0,1,1,5,2,7,3,2,5,0.5833333333333334
330,2319605626,"Rubio, Jessa E.",1,1,1,1,1,0,1,1,1,1,1,1,7,4,11,1,0,1,0.9166666666666666
331,2264301084,"Maraon, Donna J.",0,1,1,1,1,1,0,0,1,1,0,1,5,3,8,3,1,4,0.6666666666666666
332,2292958195,"Mendoza, Renz C.",1,1,1,1,1,1,1,1,1,1,1,1,8,4,12,0,0,0,1
333,2243705994,"Publico, Elisabeth J.",0,1,0,0,1,1,1,1,1,1,1,0,5,3,8,3,1,4,0.6666666666666666
334,2211864986,"Publico, Meljon L.",1,1,0,1,1,1,0,0,1,1,1,1,5,4,9,3,0,3,0.75
335,2324196303,"De Guzman, Pia D.",1,1,1,1,1,1,1,1,1,1,1,1,8,4,12,0,0,0,1
336,2225307125,"Flores, Jaymarc F.",1,1,1,1,1,1,0,1,1,1,1,1,7,4,11,1,0,1,0.9166666666666666
337,2369551106,"Maraon, EJ E.",1,1,1,1,1,1,1,1,0,0,1,0,8,1,9,0,3,3,0.75
338,2267666489,"Lisondra, Princess E.",1,0,1,1,1,1,1,1,0,1,1,1,7,3,10,1,1,2,0.8333333333333334
339,2214470226,"Dela Cerna, James D.",0,1,1,1,0,1,1,1,0,1,1,1,6,3,9,2,1,3,0.75
340,2374874390,"Gumapac, Miguel C.",1,1,1,1,0,1,1,0,0,0,0,0,6,0,6,2,4,6,0.5
341,2325011689,"Valdez, Angela E.",1,1,1,1,1,1,1,1,1,1,1,1,8,4,12,0,0,0,1
342,2265414091,"Delfin, Sean L.",1,1,1,1,0,1,0,1,1,1,0,1,6,3,9,2,1,3,0.75
343,2298174174,"Merina, Jaymarc M.",1,1,1,1,1,1,1,1,1,1,0,1,8,3,11,0,1,1,0.9166666666666666
344,2398601437,"Rubio, Jessa I.",1,1,1,0,1,0,1,1,1,1,1,1,6,4,10,2,0,2,0.8333333333333334
345,2248661958,"Soriano, Kyle D.",1,1,1,1,1,1,1,1,1,1,0,1,8,3,11,0,1,1,0.9166666666666666
346,2385747743,"Dela Cerna, Pia M.",0,0,1,1,1,1,0,0,1,1,1,1,4,4,8,4,0,4,0.6666666666666666
347,2354062999,"Nuer, Kim G.",0,0,1,1,0,1,1,1,1,1,1,0,5,3,8,3,1,4,0.6666666666666666
348,2216611326,"Bautista, Mary M.",1,1,1,1,1,1,0,1,0,0,0,1,7,1,8,1,3,4,0.6666666666666666
349,2341397316,"Ramos, Natalie D.",0,0,1,0,1,0,1,1,1,0,0,1,4,2,6,4,2,6,0.5
350,2336169615,"Tilanduca, Claire F.",1,1,0,1,1,1,1,1,1,0,1,1,7,3,10,1,1,2,0.8333333333333334
351,2273806082,"Torres, Kyle D.",0,1,1,1,1,1,1,1,1,0,1,0,7,2,9,1,2,3,0.75
352,2228094003,"Dela Cerna, Mary G.",1,0,1,1,1,1,1,1,1,1,1,1,7,4,11,1,0,1,0.9166666666666666
353,2204418243,"Magante, Khiara B.",1,1,1,1,1,1,1,0,1,1,1,1,7,4,11,1,0,1,0.9166666666666666
354,2389620710,"Cruz, Paul L.",1,1,0,1,1,1,1,1,1,0,0,1,7,2,9,1,2,3,0.75
355,2251113051,"Lintawahan, Thomas C.",1,0,1,1,0,1,1,1,1,1,1,1,6,4,10,2,0,2,0.8333333333333334
356,2253999753,"Garcia, Trisha K.",1,1,1,1,0,1,1,0,1,1,1,1,6,4,10,2,0,2,0.8333333333333334
357,2202703236,"Aquino, Princess C.",0,0,1,1,1,1,1,1,1,1,0,1,6,3,9,2,1,3,0.75
358,2303455440,"Rivera, Claire L.",1,1,1,1,1,0,1,1,1,1,1,1,7,4,11,1,0,1,0.9166666666666666
359,2352227781,"Tilanduca, Juvel B.",1,1,1,1,1,1,1,1,1,0,1,1,8,3,11,0,1,1,0.9166666666666666
360,2268407153,"Mercado, Mark P.",1,1,1,0,0,0,1,0,1,1,0,1,4,3,7,4,1,5,0.5833333333333334
361,2364539884,"Bautista, Rica F.",1,0,1,1,1,1,0,0,1,1,1,0,5,3,8,3,1,4,0.6666666666666666
362,2389506366,"Publico, Patrick H.",1,1,1,1,1,0,1,1,1,0,1,0,7,2,9,1,2,3,0.75
363,2244579195,"Flores, Jaira E.",1,0,1,0,0,0,0,1,1,0,0,0,3,1,4,5,3,8,0.3333333333333333
364,2237768705,"Gonzales, Dean L.",0,0,1,0,1,0,1,0,1,1,1,0,3,3,6,5,1,6,0.5
365,2374510725,"Valdez, Angela I.",1,1,1,1,0,0,1,1,1,1,0,0,6,2,8,2,2,4,0.6666666666666666
366,2319032082,"Villanueva, John P.",0,1,1,1,1,1,0,0,0,0,1,1,5,2,7,3,2,5,0.5833333333333334
367,2287506934,"Rubio, Nathan D.",1,1,1,1,0,1,1,1,1,1,1,1,7,4,11,1,0,1,0.9166666666666666
368,2370630214,"Halinon, James G.",1,1,1,0,1,1,1,1,1,1,1,1,7,4,11,1,0,1,0.9166666666666666
369,2241887146,"Lisondra, Kate A.",1,1,1,1,1,1,1,1,1,0,0,1,8,2,10,0,2,2,0.8333333333333334
370,2230973452,"Malana, Pia F.",1,1,1,1,1,1,1,1,1,1,1,1,8,4,12,0,0,0,1
371,2276965211,"Cabuco, Kyle P.",1,1,1,1,1,1,0,1,1,0,0,1,7,2,9,1,2,3,0.75
372,2339306208,"Villanueva, Daniel A.",1,1,1,1,1,1,1,1,0,1,1,1,8,3,11,0,1,1,0.9166666666666666
373,2314685224,"Bautista, Meljon O.",0,1,0,1,1,1,0,0,1,0,0,0,4,1,5,4,3,7,0.4166666666666667
374,2384137293,"Lopez, Faith G.",1,1,1,1,1,1,1,1,1,1,1,0,8,3,11,0,1,1,0.9166666666666666
375,2233827029,"Abad, Renz M.",1,1,0,1,0,1,1,0,1,0,1,1,5,3,8,3,1,4,0.6666666666666666
376,2302037265,"Lantinay, Princess K.",1,1,1,1,1,1,0,1,0,0,0,1,7,1,8,1,3,4,0.6666666666666666
377,2208752822,"Salazar, Jade D.",1,1,1,1,0,1,0,1,0,1,1,0,6,2,8,2,2,4,0.6666666666666666
378,2364868461,"Gonzales, Lance C.",1,1,1,1,0,1,0,0,1,1,1,1,5,4,9,3,0,3,0.75
379,2347294138,"De Guzman, Sean F.",1,1,1,1,0,1,1,1,0,1,1,1,7,3,10,1,1,2,0.8333333333333334
380,2393642235,"Garcia, Kate H.",1,1,1,1,1,1,1,1,1,1,1,1,8,4,12,0,0,0,1
381,2373963196,"Delfin, Angela J.",1,0,1,1,1,0,1,1,1,1,1,0,6,3,9,2,1,3,0.75
382,2295753872,"Valdez, Daniel K.",1,1,1,1,1,1,1,1,1,1,1,1,8,4,12,0,0,0,1
383,2301040749,"Reyes, Ian O.",1,1,1,1,0,1,1,1,1,1,1,1,7,4,11,1,0,1,0.9166666666666666
384,2266768101,"Torres, Rica F.",1,1,1,1,0,1,1,1,1,1,1,1,7,4,11,1,0,1,0.9166666666666666
385,2381349195,"Aquino, Johann G.",1,1,1,1,1,1,1,1,1,1,1,1,8,4,12,0,0,0,1
386,2374953281,"Malana, Carlo C.",1,1,1,1,1,1,1,1,1,0,1,1,8,3,11,0,1,1,0.9166666666666666
387,2322145858,"De Guzman, John D.",1,1,0,0,1,0,1,1,1,1,1,1,5,4,9,3,0,3,0.75
388,2350321856,"Dela Cruz, Nathan C.",0,1,1,1,1,1,0,1,0,1,1,1,6,3,9,2,1,3,0.75
389,2274349499,"Dela Cerna, Mark P.",0,1,0,0,1,0,1,0,1,0,1,1,3,3,6,5,1,6,0.5
390,2213624887,"Merina, John G.",1,1,1,1,1,0,1,1,0,0,0,0,7,0,7,1,4,5,0.5833333333333334
391,2208209842,"De Guzman, Dean I.",0,0,0,1,1,0,1,1,1,1,0,1,4,3,7,4,1,5,0.5833333333333334
392,2263225124,"Soriano, Elisabeth C.",1,1,1,1,0,1,1,1,1,1,1,1,7,4,11,1,0,1,0.9166666666666666
393,2345335552,"Tilanduca, Kyle J.",1,1,1,1,1,1,0,1,1,1,1,1,7,4,11,1,0,1,0.9166666666666666
394,2229411407,"Valdez, Carlo B.",1,1,1,1,0,1,1,1,1,0,0,1,7,2,9,1,2,3,0.75
395,2305722408,"Santos, Natalie G.",1,1,1,1,0,1,0,1,1,0,0,1,6,2,8,2,2,4,0.6666666666666666
396,2213880776,"Torres, James I.",1,1,0,1,1,1,1,1,1,0,0,1,7,2,9,1,2,3,0.75
397,2296498286,"Cabuco, Jessa B.",1,1,1,0,0,1,0,0,1,1,0,1,4,3,7,4,1,5,0.5833333333333334
398,2399499006,"Tan, Rogelio N.",1,1,0,1,0,0,1,1,1,1,1,1,5,4,9,3,0,3,0.75
399,2304507062,"Lisondra, Ian N.",1,1,0,1,1,1,1,1,0,1,1,1,7,3,10,1,1,2,0.8333333333333334
400,2291367572,"Ramos, Mary C.",1,1,1,1,0,1,1,0,1,0,1,0,6,2,8,2,2,4,0.6666666666666666
401,2399618043,"Gonzales, Winchel N.",1,1,1,1,0,1,1,1,1,1,0,1,7,3,10,1,1,2,0.8333333333333334
402,2288774005,"Flores, Natalie E.",0,0,1,1,0,1,0,1,1,1,1,1,4,4,8,4,0,4,0.6666666666666666
403,2389293183,"Delfin, Christian N.",0,1,1,1,1,0,1,1,1,0,1,1,6,3,9,2,1,3,0.75
404,2223013864,"Halinon, Mary J.",1,1,1,0,1,1,1,1,1,0,1,1,7,3,10,1,1,2,0.8333333333333334
405,2378272106,"Gonzales, Miguel G.",0,0,1,1,1,1,1,1,1,1,1,1,6,4,10,2,0,2,0.8333333333333334
406,2307738286,"Maraon, Winchel E.",1,1,1,1,0,1,1,1,1,1,1,1,7,4,11,1,0,1,0.9166666666666666
407,2297269631,"Dela Cruz, Justine B.",1,1,1,1,1,1,1,0,1,1,0,1,7,3,10,1,1,2,0.8333333333333334
408,2377384472,"Delfin, Natalie L.",1,1,0,0,1,0,1,1,0,1,1,1,5,3,8,3,1,4,0.6666666666666666
409,2320881291,"Gumapac, Carlo J.",0,1,0,0,0,1,1,1,1,0,1,1,4,3,7,4,1,5,0.5833333333333334
410,2363353704,"Tolentino, Joshua F.",1,1,1,1,1,1,1,1,1,1,1,1,8,4,12,0,0,0,1
411,2333658954,"Gonzales, Carlo D.",1,1,1,0,1,1,0,1,1,0,1,1,6,3,9,2,1,3,0.75
412,2332048494,"Tilanduca, Kyle E.",0,1,1,1,1,1,1,0,1,0,0,1,6,2,8,2,2,4,0.6666666666666666
413,2285566939,"Neri, Justine A.",0,1,1,1,1,1,0,1,0,1,0,1,6,2,8,2,2,4,0.6666666666666666
414,2285732731,"Santos, Pia P.",1,1,1,1,0,1,0,1,1,0,1,1,6,3,9,2,1,3,0.75
415,2273923004,"Maraon, Thomas G.",1,1,1,1,1,1,0,1,0,0,0,1,7,1,8,1,3,4,0.6666666666666666
416,2319008841,"Bautista, Pol D.",1,1,1,1,1,1,0,0,1,1,1,0,6,3,9,2,1,3,0.75
417,2322814585,"Salazar, Mark E.",1,1,1,1,0,1,0,0,0,1,0,1,5,2,7,3,2,5,0.5833333333333334
418,2375300857,"Garcia, Johann G.",1,1,0,1,0,0,1,0,1,0,1,1,4,3,7,4,1,5,0.5833333333333334
419,2379882306,"Rubio, Sean L.",1,1,1,1,1,1,0,1,0,1,1,1,7,3,10,1,1,2,0.8333333333333334
420,2305124554,"Dela Cruz, Juvel C.",1,1,0,0,1,0,0,0,1,0,0,1,3,2,5,5,2,7,0.4166666666666667
421,2320845885,"Tan, Faith A.",1,0,0,1,0,1,1,0,0,0,0,0,4,0,4,4,4,8,0.3333333333333333
422,2367610772,"Nuer, Gabriel F.",1,0,1,1,1,1,1,1,0,0,1,1,7,2,9,1,2,3,0.75
423,2236446338,"Malana, Sean J.",1,1,0,0,1,1,1,1,1,1,1,1,6,4,10,2,0,2,0.8333333333333334
424,2236917442,"Salto, Nicole J.",1,1,1,1,0,1,1,1,1,1,1,0,7,3,10,1,1,2,0.8333333333333334
425,2225269195,"Nuer, Lance E.",0,1,1,1,1,1,1,1,1,1,1,1,7,4,11,1,0,1,0.9166666666666666
426,2394213232,"Halinon, Thomas O.",1,1,1,1,1,0,1,1,1,1,1,1,7,4,11,1,0,1,0.9166666666666666
427,2311428629,"Valdez, Claire D.",1,1,1,0,1,1,1,1,1,1,1,0,7,3,10,1,1,2,0.8333333333333334
428,2352351145,"Salto, Maria N.",1,1,1,1,1,1,1,1,1,1,1,1,8,4,12,0,0,0,1
429,2278320293,"De Guzman, Princess F.",0,1,0,1,0,0,0,1,1,1,1,0,3,3,6,5,1,6,0.5
430,2336081039,"Quimbo, Mary I.",1,1,1,1,1,1,1,1,1,1,1,1,8,4,12,0,0,0,1
431,2323089994,"Santos, Mary M.",1,1,0,0,1,0,1,1,1,1,1,0,5,3,8,3,1,4,0.6666666666666666
432,2334158860,"Reyes, Mary G.",1,1,1,1,1,1,1,1,1,1,1,1,8,4,12,0,0,0,1
433,2248224269,"Santos, Maria J.",1,1,1,0,1,0,0,1,1,1,1,0,5,3,8,3,1,4,0.6666666666666666
434,2236119122,"Villanueva, Meljon J.",1,1,0,1,1,1,1,1,1,1,1,1,7,4,11,1,0,1,0.9166666666666666
435,2356921380,"Santos, Maria D.",1,1,1,1,0,1,1,1,1,0,1,1,7,3,10,1,1,2,0.8333333333333334
436,2389274612,"Salto, Thomas J.",1,1,1,1,1,1,0,1,1,1,1,1,7,4,11,1,0,1,0.9166666666666666
437,2265886551,"Bautista, Faith E.",1,1,1,1,1,1,1,1,1,1,1,1,8,4,12,0,0,0,1
438,2225355797,"Añonuevo, Franz J.",1,1,1,1,1,0,0,1,1,1,1,0,6,3,9,2,1,3,0.75
439,2208318465,"Tolentino, Ella J.",1,0,1,1,1,1,1,1,0,0,0,1,7,1,8,1,3,4,0.6666666666666666
440,2358094388,"Quimbo, Ian P.",1,1,1,1,0,1,1,1,0,1,1,1,7,3,10,1,1,2,0.8333333333333334
441,2262604657,"Domingo, Joshua O.",0,1,1,1,1,1,1,0,1,1,1,1,6,4,10,2,0,2,0.8333333333333334
442,2222380137,"Dela Cruz, Mark I.",1,1,1,1,1,1,0,1,1,1,1,0,7,3,10,1,1,2,0.8333333333333334
443,2379473103,"Salazar, EJ E.",0,0,0,1,1,1,1,0,1,1,1,1,4,4,8,4,0,4,0.6666666666666666
444,2273536065,"Nuer, Sean I.",1,1,1,0,1,1,1,0,1,1,0,0,6,2,8,2,2,4,0.6666666666666666
445,2392116802,"Lantinay, Patrick G.",1,1,1,1,1,1,1,1,1,1,1,1,8,4,12,0,0,0,1
446,2348200538,"Cruz, Kevin O.",1,1,1,1,0,1,0,1,1,1,1,1,6,4,10,2,0,2,0.8333333333333334
447,2250680804,"Maraon, Renz M.",1,1,1,1,1,0,1,0,1,1,1,1,6,4,10,2,0,2,0.8333333333333334
448,2339061003,"Gumapac, Sean M.",1,1,1,1,1,1,0,1,1,1,1,1,7,4,11,1,0,1,0.9166666666666666
449,2229326817,"Magante, Joshua C.",1,1,1,0,0,1,0,1,0,0,0,0,5,0,5,3,4,7,0.4166666666666667
450,2276577693,"Cabuco, Jade E.",1,1,1,1,0,1,1,1,1,1,0,1,7,3,10,1,1,2,0.8333333333333334
451,2321150441,"Dela Cerna, Ian H.",1,1,1,1,1,1,1,0,1,0,1,1,7,3,10,1,1,2,0.8333333333333334
452,2219258539,"Dela Cruz, Rogelio N.",1,1,1,1,0,1,1,1,1,0,0,1,7,2,9,1,2,3,0.75
453,2357316783,"Nuer, Nathan H.",1,1,1,0,1,1,1,0,1,1,1,0,6,3,9,2,1,3,0.75
454,2316620269,"Salazar, James O.",0,1,1,1,1,0,1,1,1,0,0,0,6,1,7,2,3,5,0.5833333333333334
455,2382557213,"Malana, Jannerie I.",1,1,0,1,1,1,0,1,1,0,1,1,6,3,9,2,1,3,0.75
456,2371746242,"Publico, Patrick C.",0,1,1,1,1,1,1,1,1,1,0,1,7,3,10,1,1,2,0.8333333333333334
457,2205676107,"Soriano, Paolo P.",1,0,1,0,1,1,1,1,0,0,1,1,6,2,8,2,2,4,0.6666666666666666
458,2287473639,"Magante, Khiara L.",1,1,1,0,1,1,1,0,0,1,1,0,6,2,8,2,2,4,0.6666666666666666
459,2321166977,"Abad, Winchel K.",1,1,1,1,0,1,1,1,1,1,0,0,7,2,9,1,2,3,0.75
460,2205933026,"Aquino, Anne P.",1,0,1,0,1,0,0,0,1,1,1,1,3,4,7,5,0,5,0.5833333333333334
461,2276171183,"Mendoza, Daniel M.",1,0,1,1,1,1,0,0,1,1,0,0,5,2,7,3,2,5,0.5833333333333334
462,2381860563,"Lantinay, John M.",0,0,1,0,1,0,1,1,0,0,1,1,4,2,6,4,2,6,0.5
463,2305657408,"De Guzman, Renz J.",1,1,1,1,1,1,1,1,1,0,0,1,8,2,10,0,2,2,0.8333333333333334
464,2232195526,"Cajes, Justine O.",0,1,1,1,1,1,1,0,1,1,1,1,6,4,10,2,0,2,0.8333333333333334
465,2207833816,"Quimbo, Mary D.",1,0,0,0,1,1,1,1,0,1,0,0,5,1,6,3,3,6,0.5
466,2237058860,"Torres, Princess L.",1,1,1,1,1,1,1,1,1,0,0,0,8,1,9,0,3,3,0.75
467,2395346074,"Dela Cruz, Jaira M.",0,1,1,1,1,0,1,1,1,1,1,0,6,3,9,2,1,3,0.75
468,2382474885,"Abad, Christian J.",1,1,1,1,1,1,1,1,1,0,1,1,8,3,11,0,1,1,0.9166666666666666
469,2316414431,"Cabuco, Jade O.",1,1,1,1,1,1,1,1,1,0,1,1,8,3,11,0,1,1,0.9166666666666666
470,2357425583,"Aquino, Sean G.",1,1,1,1,0,0,0,1,1,1,1,0,5,3,8,3,1,4,0.6666666666666666
471,2320155069,"Gonzales, Sean D.",1,1,1,0,1,0,1,1,0,1,1,1,6,3,9,2,1,3,0.75
472,2331730989,"Flores, Christian C.",1,1,1,1,1,1,1,1,0,1,1,1,8,3,11,0,1,1,0.9166666666666666
473,2276221207,"Tan, Jannerie F.",1,1,1,1,0,0,0,1,1,0,1,0,5,2,7,3,2,5,0.5833333333333334
474,2215908230,"Publico, Thomas A.",1,1,0,1,1,0,0,1,1,1,1,0,5,3,8,3,1,4,0.6666666666666666
475,2300079290,"Añonuevo, Juvel D.",1,0,0,0,1,1,0,1,1,1,1,1,4,4,8,4,0,4,0.6666666666666666
476,2291944691,"Rubio, Renz H.",1,1,1,1,1,1,1,1,1,1,0,1,8,3,11,0,1,1,0.9166666666666666
477,2277869677,"Albarracin, Trisha D.",0,0,1,0,1,0,1,1,1,0,1,1,4,3,7,4,1,5,0.5833333333333334
478,2360514737,"Fernandez, Miguel C.",1,1,1,1,1,0,1,1,0,1,0,1,7,2,9,1,2,3,0.75
479,2305124959,"Valdez, Miguel P.",0,1,1,0,1,1,1,1,1,1,1,1,6,4,10,2,0,2,0.8333333333333334
480,2203464394,"Merina, Jade G.",1,1,1,1,1,0,1,1,1,1,1,1,7,4,11,1,0,1,0.9166666666666666
481,2286950689,"Merina, Maria L.",1,1,1,1,1,1,1,1,1,1,0,1,8,3,11,0,1,1,0.9166666666666666
482,2313832588,"Valdez, Ella I.",1,1,1,0,1,0,0,1,0,1,0,1,5,2,7,3,2,5,0.5833333333333334
483,2373487905,"Lisondra, Lance M.",1,0,1,1,1,1,0,1,1,0,1,1,6,3,9,2,1,3,0.75
484,2354008352,"Santos, Donna O.",1,1,1,1,1,1,1,1,1,1,1,1,8,4,12,0,0,0,1
485,2296142366,"Magante, Thomas C.",1,1,1,0,1,0,1,1,1,0,1,0,6,2,8,2,2,4,0.6666666666666666
486,2399059538,"Valdez, Donna J.",1,1,1,0,1,1,1,1,1,0,1,1,7,3,10,1,1,2,0.8333333333333334
487,2220706382,"Valdez, John D.",1,0,0,0,1,1,1,1,1,1,1,1,5,4,9,3,0,3,0.75
488,2346452763,"Dela Cerna, Sean P.",1,0,1,1,1,1,0,0,1,1,1,1,5,4,9,3,0,3,0.75
489,2248383555,"Mercado, John N.",1,1,0,0,0,1,1,1,1,1,1,1,5,4,9,3,0,3,0.75
490,2295716233,"Delfin, Nathan M.",0,1,1,0,1,0,1,1,1,1,1,0,5,3,8,3,1,4,0.6666666666666666
491,2309014670,"Delfin, Trisha L.",1,1,1,1,1,1,1,1,1,1,1,1,8,4,12,0,0,0,1
492,2385554288,"Reyes, Jessa F.",1,0,1,1,0,1,0,0,1,0,1,0,4,2,6,4,2,6,0.5
493,2336289323,"Maraon, Kevin I.",0,0,1,0,1,1,1,1,1,1,1,1,5,4,9,3,0,3,0.75
494,2261145336,"Lintawahan, Patrick K.",1,0,0,0,0,0,1,1,0,1,1,1,3,3,6,5,1,6,0.5
495,2349581651,"Aquino, Meljon J.",1,1,1,0,1,1,1,0,1,1,1,1,6,4,10,2,0,2,0.8333333333333334
496,2204267705,"Tilanduca, Lester M.",1,0,1,1,1,1,1,1,1,1,1,1,7,4,11,1,0,1,0.9166666666666666
497,2303605236,"Mendoza, Pol J.",1,1,1,1,1,0,1,1,1,1,1,1,7,4,11,1,0,1,0.9166666666666666
498,2203877733,"Bautista, Christian P.",1,1,1,1,0,0,1,0,0,1,1,1,5,3,8,3,1,4,0.6666666666666666
499,2269626377,"Quimbo, Christian E.",0,0,1,1,1,1,1,1,1,1,1,1,6,4,10,2,0,2,0.8333333333333334
500,2301214407,"Salazar, Sean O.",1,0,1,0,1,0,1,0,0,0,0,1,4,1,5,4,3,7,0.4166666666666667
501,2371682105,"Rivera, Nathan O.",1,1,1,0,1,1,1,1,1,1,1,1,7,4,11,1,0,1,0.9166666666666666
502,2359777738,"Cabuco, John B.",1,1,1,1,0,1,0,1,0,0,0,1,6,1,7,2,3,5,0.5833333333333334
503,2378985769,"Castro, Gabriel N.",1,1,0,1,1,1,1,0,1,1,1,1,6,4,10,2,0,2,0.8333333333333334
504,2353602648,"Gonzales, Mary E.",1,1,1,1,1,1,0,0,1,1,1,1,6,4,10,2,0,2,0.8333333333333334
505,2392205934,"Maraon, Ella N.",1,1,1,1,1,1,1,1,1,1,1,1,8,4,12,0,0,0,1
506,2260193678,"Dela Cerna, Natalie G.",1,1,1,1,1,1,1,1,1,1,1,1,8,4,12,0,0,0,1
507,2319725393,"Garcia, Franz O.",1,1,1,1,1,0,1,1,0,1,1,1,7,3,10,1,1,2,0.8333333333333334
508,2222572710,"Uy, Trisha E.",1,1,0,1,1,1,1,1,1,1,1,1,7,4,11,1,0,1,0.9166666666666666
509,2206583635,"De Guzman, Jaymarc E.",1,1,1,1,1,1,1,1,1,0,1,1,8,3,11,0,1,1,0.9166666666666666
510,2361737591,"Tan, Miguel C.",0,1,0,0,1,1,1,1,0,0,0,1,5,1,6,3,3,6,0.5
511,2256922024,"Magante, Jessa H.",0,1,0,1,1,1,1,0,1,1,0,1,5,3,8,3,1,4,0.6666666666666666
512,2391487317,"Maraon, John K.",0,0,1,1,1,0,1,1,0,1,1,0,5,2,7,3,2,5,0.5833333333333334
513,2335018012,"Cruz, Patrick O.",1,1,1,1,1,1,0,1,1,1,1,1,7,4,11,1,0,1,0.9166666666666666
514,2290433563,"Villanueva, Natalie E.",1,1,1,1,1,1,1,0,1,1,1,1,7,4,11,1,0,1,0.9166666666666666
515,2226219230,"Aquino, John J.",1,1,1,1,1,1,0,1,0,0,0,0,7,0,7,1,4,5,0.5833333333333334
516,2274142257,"Valdez, Mark K.",1,1,1,1,1,1,1,1,0,0,1,1,8,2,10,0,2,2,0.8333333333333334
517,2241702292,"Garcia, Justine F.",1,1,1,1,1,0,1,1,1,1,1,1,7,4,11,1,0,1,0.9166666666666666
518,2205755057,"Tolentino, Mark A.",1,1,1,1,1,1,1,1,1,1,0,1,8,3,11,0,1,1,0.9166666666666666
519,2296101615,"Tolentino, Kyle F.",1,1,1,1,0,1,0,1,1,1,1,1,6,4,10,2,0,2,0.8333333333333334
520,2244891040,"Aquino, Elisabeth G.",0,1,1,1,1,1,1,0,1,1,1,0,6,3,9,2,1,3,0.75
521,2277890517,"Mendoza, Jade I.",1,1,1,1,1,1,1,1,1,1,1,1,8,4,12,0,0,0,1
522,2215945176,"Bautista, John B.",1,1,1,1,1,1,1,1,1,1,1,1,8,4,12,0,0,0,1
523,2267623170,"Delfin, Nathan D.",1,1,1,1,0,1,1,0,0,1,1,0,6,2,8,2,2,4,0.6666666666666666
524,2220982657,"Aquino, Meljon M.",1,1,1,1,1,1,1,1,1,1,1,1,8,4,12,0,0,0,1
525,2220102037,"Maraon, Kim C.",1,1,1,1,1,1,1,0,1,1,1,1,7,4,11,1,0,1,0.9166666666666666
526,2371194224,"Santos, Justine M.",1,1,1,1,1,1,1,1,1,0,1,1,8,3,11,0,1,1,0.9166666666666666
527,2202925334,"Uy, Kevin K.",1,1,0,1,1,0,1,1,1,1,0,1,6,3,9,2,1,3,0.75
528,2337333567,"Publico, Jaymarc J.",1,1,0,1,0,1,1,1,1,1,1,0,6,3,9,2,1,3,0.75
529,2398018203,"Merina, Lester A.",1,1,1,1,0,0,1,1,0,0,1,1,6,2,8,2,2,4,0.6666666666666666
530,2353702828,"Melendez, Mary L.",1,1,1,0,1,0,1,1,0,0,1,1,6,2,8,2,2,4,0.6666666666666666
531,2306353693,"Mendoza, Kate D.",0,1,1,0,1,1,0,1,1,1,1,1,5,4,9,3,0,3,0.75
532,2219081711,"Mendoza, Carlo A.",1,0,1,1,1,1,1,1,0,1,1,1,7,3,10,1,1,2,0.8333333333333334
533,2260941694,"Publico, Natalie M.",0,1,1,0,1,1,0,1,0,1,1,0,5,2,7,3,2,5,0.5833333333333334
534,2241744595,"Melendez, Jeter G.",1,1,1,1,0,1,1,1,1,1,1,1,7,4,11,1,0,1,0.9166666666666666
535,2204211010,"Mendoza, Christian C.",1,1,0,1,1,1,1,1,0,1,1,1,7,3,10,1,1,2,0.8333333333333334
536,2373621322,"Maraon, Claire G.",1,1,1,1,1,0,1,1,0,1,1,1,7,3,10,1,1,2,0.8333333333333334
537,2380169022,"De Guzman, Natalie E.",1,1,0,1,1,1,1,0,1,1,1,0,6,3,9,2,1,3,0.75
538,2299348409,"Aquino, Elisabeth J.",0,1,0,1,1,0,1,0,0,1,1,1,4,3,7,4,1,5,0.5833333333333334
539,2217874530,"Salazar, Justine K.",1,1,1,1,1,1,1,1,1,1,1,1,8,4,12,0,0,0,1
540,2308787620,"De Guzman, Winchel E.",1,1,0,1,1,0,0,1,0,0,1,1,5,2,7,3,2,5,0.5833333333333334
541,2317915849,"Malana, Rogelio D.",0,1,1,1,1,1,1,1,1,1,1,1,7,4,11,1,0,1,0.9166666666666666
542,2255765587,"Dela Cerna, Natalie E.",1,1,0,1,1,0,1,1,1,0,1,0,6,2,8,2,2,4,0.6666666666666666
543,2266408257,"Aquino, Sean H.",1,1,1,1,1,1,1,1,1,0,1,1,8,3,11,0,1,1,0.9166666666666666
544,2258984679,"Dela Cruz, James N.",1,0,1,0,0,1,0,1,1,0,0,1,4,2,6,4,2,6,0.5
545,2200211672,"Dela Cruz, Jessa G.",1,1,1,0,1,1,1,0,1,1,1,1,6,4,10,2,0,2,0.8333333333333334
546,2248607624,"Gonzales, Mary M.",1,0,1,1,1,0,0,0,1,0,1,0,4,2,6,4,2,6,0.5
547,2321523460,"Flores, Ella F.",1,1,1,1,1,1,1,1,1,1,1,1,8,4,12,0,0,0,1
548,2343097792,"Albarracin, Sean C.",1,1,1,1,1,1,1,1,1,0,1,1,8,3,11,0,1,1,0.9166666666666666
549,2314716022,"Publico, Kate N.",1,1,1,1,1,1,1,1,1,1,1,1,8,4,12,0,0,0,1
550,2212363128,"Gumapac, Kyle I.",0,1,0,1,1,1,1,1,0,1,1,1,6,3,9,2,1,3,0.75
551,2319554766,"Cabuco, Jessa F.",0,1,1,1,1,1,1,1,1,1,1,1,7,4,11,1,0,1,0.9166666666666666
552,2298793441,"De Guzman, Jaymarc P.",1,0,1,1,0,1,1,1,1,1,0,1,6,3,9,2,1,3,0.75
553,2236597814,"Valdez, Kyle E.",1,1,1,1,1,1,1,1,1,1,1,0,8,3,11,0,1,1,0.9166666666666666
554,2279796020,"Maraon, Carlo A.",1,1,1,1,1,0,0,1,0,1,0,1,6,2,8,2,2,4,0.6666666666666666
555,2303053120,"Lisondra, Kyle D.",0,0,1,0,1,0,0,1,1,1,0,1,3,3,6,5,1,6,0.5
556,2361748259,"Ramos, Kim I.",1,0,0,0,1,1,1,0,1,0,0,0,4,1,5,4,3,7,0.4166666666666667
557,2297553891,"Soriano, Winchel P.",1,1,1,1,1,1,1,1,1,1,1,1,8,4,12,0,0,0,1
558,2267499382,"Garcia, Miguel M.",1,0,1,1,0,1,0,0,1,0,1,1,4,3,7,4,1,5,0.5833333333333334
559,2385823900,"De Guzman, Miky A.",0,1,1,1,0,1,1,1,1,1,1,1,6,4,10,2,0,2,0.8333333333333334
560,2334064430,"Gumapac, Mark F.",0,0,1,0,1,0,1,1,1,0,1,1,4,3,7,4,1,5,0.5833333333333334
561,2367618848,"Dela Cerna, Christian P.",1,1,1,0,0,0,1,1,1,1,0,1,5,3,8,3,1,4,0.6666666666666666
562,2292266847,"Cajes, Angela G.",1,1,1,1,1,0,1,1,1,1,1,1,7,4,11,1,0,1,0.9166666666666666
563,2320596751,"Aquino, Johann M.",1,0,1,1,1,1,0,1,1,0,1,1,6,3,9,2,1,3,0.75
564,2358767907,"Domingo, Ian G.",1,1,1,1,1,1,1,1,1,1,1,1,8,4,12,0,0,0,1
565,2277077372,"Cabuco, Jaira L.",0,1,1,0,0,0,1,1,1,1,1,1,4,4,8,4,0,4,0.6666666666666666
566,2353734869,"Neri, Elisabeth B.",1,1,0,1,1,1,0,0,0,0,1,1,5,2,7,3,2,5,0.5833333333333334
567,2332191676,"Soriano, Juvel G.",1,0,0,1,0,1,1,1,1,1,1,1,5,4,9,3,0,3,0.75
568,2325447868,"Lisondra, Natalie M.",1,1,1,1,1,0,1,1,0,0,1,1,7,2,9,1,2,3,0.75
569,2391710170,"Melendez, Rogelio O.",1,1,1,0,1,0,1,1,1,1,1,1,6,4,10,2,0,2,0.8333333333333334
570,2276546113,"Halinon, Christian K.",1,0,1,1,1,0,1,1,0,0,1,0,6,1,7,2,3,5,0.5833333333333334
571,2263208031,"Maraon, John E.",1,1,1,1,1,1,1,1,1,0,0,1,8,2,10,0,2,2,0.8333333333333334
572,2233094797,"Cruz, Patrick C.",0,0,0,1,1,1,0,0,1,1,1,1,3,4,7,5,0,5,0.5833333333333334
573,2361599506,"Dela Cruz, Jannerie C.",1,1,1,1,1,1,0,1,1,1,1,0,7,3,10,1,1,2,0.8333333333333334
574,2268107326,"Valdez, Princess A.",1,1,0,0,0,0,1,0,1,1,1,1,3,4,7,5,0,5,0.5833333333333334
575,2351933499,"Delfin, Trisha M.",1,1,1,1,1,1,0,1,1,1,1,0,7,3,10,1,1,2,0.8333333333333334
576,2219740374,"Rubio, Mary C.",0,0,0,0,1,1,1,0,1,1,0,1,3,3,6,5,1,6,0.5
577,2370612663,"Cabuco, Angela L.",1,1,1,1,1,1,1,1,1,0,1,1,8,3,11,0,1,1,0.9166666666666666
578,2342127886,"Quimbo, Miky F.",1,1,0,1,1,1,0,0,1,1,1,1,5,4,9,3,0,3,0.75
579,2233842083,"De Guzman, Johann L.",0,1,1,0,1,1,1,1,1,0,1,1,6,3,9,2,1,3,0.75
580,2276201325,"Reyes, Maria B.",0,1,1,1,0,0,1,1,0,1,1,0,5,2,7,3,2,5,0.5833333333333334
581,2315351913,"Domingo, Dean B.",1,0,1,1,1,1,1,1,1,1,1,1,7,4,11,1,0,1,0.9166666666666666
582,2254317042,"Quimbo, Kate C.",0,1,0,1,1,0,1,1,0,0,1,0,5,1,6,3,3,6,0.5
583,2321660436,"Domingo, Winchel G.",1,1,1,1,1,1,1,1,1,1,0,1,8,3,11,0,1,1,0.9166666666666666
584,2266057615,"Lisondra, Natalie A.",1,1,1,0,1,1,0,1,1,1,0,0,6,2,8,2,2,4,0.6666666666666666
585,2318941886,"De Guzman, Angela L.",1,0,0,1,1,1,0,1,1,1,1,1,5,4,9,3,0,3,0.75
586,2335263209,"Dela Cerna, Juvel P.",1,0,1,1,1,0,1,1,0,1,1,1,6,3,9,2,1,3,0.75
587,2365352336,"Garcia, Lester E.",1,1,1,0,1,1,0,1,0,1,1,1,6,3,9,2,1,3,0.75
588,2352089538,"Gumapac, Elisabeth L.",1,0,1,0,1,1,1,1,1,1,1,1,6,4,10,2,0,2,0.8333333333333334
589,2217750604,"Valdez, Ella E.",1,1,1,1,0,1,1,1,1,1,1,1,7,4,11,1,0,1,0.9166666666666666
590,2294576245,"Torres, Meljon I.",0,1,1,0,1,1,1,1,0,1,0,1,6,2,8,2,2,4,0.6666666666666666
591,2397904087,"Salto, Claire N.",1,1,1,1,1,0,1,1,0,0,1,1,7,2,9,1,2,3,0.75
592,2342448146,"Magante, Kim B.",1,1,1,0,1,1,0,1,0,1,0,1,6,2,8,2,2,4,0.6666666666666666
593,2311385458,"De Guzman, Rica M.",1,1,1,1,1,1,1,0,1,1,0,1,7,3,10,1,1,2,0.8333333333333334
594,2216700385,"Malana, Justine I.",1,1,1,0,0,1,1,1,0,0,1,1,6,2,8,2,2,4,0.6666666666666666
595,2397440365,"Maraon, Nicole M.",0,0,1,1,0,1,1,1,1,1,1,1,5,4,9,3,0,3,0.75
596,2315496524,"Bautista, Dean F.",0,1,1,1,1,0,0,1,1,1,0,0,5,2,7,3,2,5,0.5833333333333334
597,2232030461,"Gonzales, EJ J.",1,1,1,1,1,0,1,1,1,0,1,1,7,3,10,1,1,2,0.8333333333333334
598,2381999122,"Santos, Miguel P.",1,1,1,1,1,1,1,1,1,1,1,1,8,4,12,0,0,0,1
599,2367254040,"Dela Cruz, Elisabeth N.",1,0,1,1,1,1,1,1,1,0,1,1,7,3,10,1,1,2,0.8333333333333334
600,2338829231,"Garcia, Dean M.",0,1,1,1,1,1,1,0,1,1,1,1,6,4,10,2,0,2,0.8333333333333334
601,2257390124,"Cabuco, Donna F.",1,1,1,1,1,1,1,1,1,1,1,1,8,4,12,0,0,0,1
602,2392919269,"Tilanduca, Mark M.",1,1,0,1,1,1,0,0,0,1,0,1,5,2,7,3,2,5,0.5833333333333334
603,2226766187,"Rivera, Jaymarc D.",1,1,0,0,1,1,1,1,1,1,1,1,6,4,10,2,0,2,0.8333333333333334
604,2201659597,"Lantinay, Juvel A.",0,1,1,1,1,1,0,0,1,1,1,1,5,4,9,3,0,3,0.75
605,2356825624,"Dela Cruz, Kate I.",1,0,1,1,1,1,1,1,0,1,1,1,7,3,10,1,1,2,0.8333333333333334
606,2270551402,"Melendez, Nicole J.",0,1,1,0,1,0,1,1,0,1,1,0,5,2,7,3,2,5,0.5833333333333334
607,2367560429,"Flores, Lance E.",1,1,0,1,1,1,1,1,0,0,1,1,7,2,9,1,2,3,0.75
608,2317454322,"Dela Cruz, Thomas G.",0,0,1,0,1,0,1,1,1,0,0,0,4,1,5,4,3,7,0.4166666666666667
609,2318280232,"Gumapac, Lester E.",1,1,1,1,1,1,1,1,1,1,1,1,8,4,12,0,0,0,1
610,2238606372,"Magante, Christian G.",1,1,1,1,1,1,1,1,0,1,0,0,8,1,9,0,3,3,0.75
611,2386957057,"Mendoza, Claire H.",1,1,1,1,1,0,1,1,1,1,0,1,7,3,10,1,1,2,0.8333333333333334
612,2377852238,"Maraon, Jaymarc E.",1,1,1,1,1,1,0,1,1,1,1,1,7,4,11,1,0,1,0.9166666666666666
613,2302589413,"Melendez, Ian H.",0,1,0,1,1,1,0,1,0,0,1,1,5,2,7,3,2,5,0.5833333333333334
614,2395834839,"Lantinay, Sean O.",1,1,1,0,1,1,1,1,1,1,1,1,7,4,11,1,0,1,0.9166666666666666
615,2331801687,"Publico, Thomas O.",1,1,1,1,1,1,1,1,1,1,1,1,8,4,12,0,0,0,1
616,2214324917,"Merina, Jessa O.",1,0,0,0,0,1,0,1,0,0,1,1,3,2,5,5,2,7,0.4166666666666667
617,2229962797,"Salazar, Daniel F.",0,1,1,1,1,1,0,1,1,1,1,1,6,4,10,2,0,2,0.8333333333333334
618,2347799466,"Rivera, Thomas J.",1,0,1,1,0,1,0,1,0,1,0,0,5,1,6,3,3,6,0.5
619,2256729553,"Nuer, Alyssa D.",1,1,1,1,1,1,1,1,0,0,1,1,8,2,10,0,2,2,0.8333333333333334
620,2294324716,"Mendoza, Christian E.",1,1,1,1,1,1,1,1,1,0,1,1,8,3,11,0,1,1,0.9166666666666666
621,2253112254,"Publico, John E.",0,0,1,1,0,0,0,0,0,1,1,0,2,2,4,6,2,8,0.3333333333333333
622,2363061213,"Albarracin, Winchel H.",0,1,0,0,1,0,1,1,1,1,1,1,4,4,8,4,0,4,0.6666666666666666
623,2239415296,"Ramos, Juvel D.",1,0,1,1,1,1,1,1,1,1,1,1,7,4,11,1,0,1,0.9166666666666666
624,2265120937,"Dela Cerna, Patrick J.",1,1,1,1,1,1,0,1,1,1,1,1,7,4,11,1,0,1,0.9166666666666666
625,2373140982,"Tilanduca, Thomas G.",1,1,0,0,1,1,1,1,1,0,1,0,6,2,8,2,2,4,0.6666666666666666
626,2366169524,"Delfin, Lance L.",0,1,1,0,1,0,0,1,1,1,1,0,4,3,7,4,1,5,0.5833333333333334
627,2395769625,"Cruz, Mark J.",0,1,1,1,1,1,1,1,1,1,1,1,7,4,11,1,0,1,0.9166666666666666
628,2286880287,"Bautista, Patrick E.",0,1,1,1,0,1,1,0,0,0,1,1,5,2,7,3,2,5,0.5833333333333334
629,2261795999,"Salto, Justine M.",1,0,0,1,1,0,0,1,1,1,0,1,4,3,7,4,1,5,0.5833333333333334
630,2335203202,"Dela Cerna, Trisha G.",1,1,0,1,1,1,0,1,1,1,1,1,6,4,10,2,0,2,0.8333333333333334
631,2283943310,"Magante, Natalie N.",1,0,0,0,1,1,1,0,1,0,1,0,4,2,6,4,2,6,0.5
632,2323043911,"Rubio, Miguel E.",1,1,1,1,1,1,1,1,1,1,1,1,8,4,12,0,0,0,1
633,2202345142,"Halinon, Franz K.",1,1,0,0,1,1,0,1,0,0,1,1,5,2,7,3,2,5,0.5833333333333334
634,2236427047,"Mendoza, Dean P.",1,1,1,1,1,1,1,1,1,1,1,1,8,4,12,0,0,0,1
635,2358756150,"Garcia, Jaymarc E.",1,0,1,0,1,0,1,0,0,1,1,1,4,3,7,4,1,5,0.5833333333333334
636,2309885427,"Delfin, Mark J.",1,1,0,1,1,0,1,1,0,1,1,1,6,3,9,2,1,3,0.75
637,2347992495,"De Guzman, Jade C.",1,0,1,1,1,1,0,1,1,1,1,1,6,4,10,2,0,2,0.8333333333333334
638,2398743392,"Uy, Kyle D.",1,1,0,1,1,1,1,1,1,1,1,1,7,4,11,1,0,1,0.9166666666666666
639,2298668814,"Malana, Jaira H.",0,0,0,1,1,0,1,1,1,0,0,0,4,1,5,4,3,7,0.4166666666666667
640,2391210524,"Mendoza, John F.",1,1,1,0,1,1,1,1,0,1,0,1,7,2,9,1,2,3,0.75
641,2390601770,"Dela Cerna, Meljon K.",1,0,0,1,1,1,1,1,1,0,1,1,6,3,9,2,1,3,0.75
642,2330847235,"Maraon, Kyle C.",0,0,0,1,1,1,1,0,1,1,1,1,4,4,8,4,0,4,0.6666666666666666
643,2397557303,"Quimbo, Lance L.",1,0,1,0,0,1,1,1,1,1,1,0,5,3,8,3,1,4,0.6666666666666666
644,2313690346,"Dela Cerna, Princess P.",0,0,1,0,1,1,0,1,1,1,0,1,4,3,7,4,1,5,0.5833333333333334
645,2373193917,"Aquino, Franz F.",1,0,1,0,0,1,1,0,1,0,1,1,4,3,7,4,1,5,0.5833333333333334
646,2277571611,"Gumapac, Pia G.",1,1,1,1,1,1,1,1,1,1,1,1,8,4,12,0,0,0,1
647,2298587336,"Delfin, Elisabeth F.",0,0,1,1,1,0,1,1,1,1,0,1,5,3,8,3,1,4,0.6666666666666666
648,2300430984,"Uy, Princess I.",1,1,1,1,1,1,1,1,1,1,1,1,8,4,12,0,0,0,1
649,2311156605,"Quimbo, Nathan L.",0,0,1,1,1,1,1,0,0,1,0,1,5,2,7,3,2,5,0.5833333333333334
650,2240049205,"Cabuco, Meljon A.",0,1,0,1,1,1,1,0,1,1,1,1,5,4,9,3,0,3,0.75
651,2387374394,"Halinon, Jade E.",1,1,1,1,0,1,1,0,1,1,1,0,6,3,9,2,1,3,0.75
652,2222361867,"Santos, Sean J.",1,1,1,1,1,1,1,1,1,0,1,1,8,3,11,0,1,1,0.9166666666666666
653,2278560340,"Garcia, Carlo L.",1,1,1,0,1,1,0,1,1,1,1,1,6,4,10,2,0,2,0.8333333333333334
654,2328205340,"Aquino, Miky L.",1,1,0,1,1,0,0,1,0,1,1,1,5,3,8,3,1,4,0.6666666666666666
655,2225879984,"Uy, Meljon M.",1,1,1,0,1,0,0,1,1,0,1,1,5,3,8,3,1,4,0.6666666666666666
656,2364582885,"Publico, Kate B.",1,1,1,1,1,0,1,1,1,1,1,1,7,4,11,1,0,1,0.9166666666666666
657,2335458123,"Publico, Kyle E.",1,1,1,0,0,1,0,1,1,1,0,0,5,2,7,3,2,5,0.5833333333333334
658,2381421410,"Quimbo, Khiara P.",1,0,1,1,0,0,1,0,0,0,1,0,4,1,5,4,3,7,0.4166666666666667
659,2321270988,"Dela Cruz, Johann M.",1,0,1,1,1,0,0,1,1,1,1,1,5,4,9,3,0,3,0.75
660,2261003868,"Quimbo, Sean H.",1,0,1,1,1,1,1,1,1,1,1,1,7,4,11,1,0,1,0.9166666666666666
661,2278391670,"Gonzales, Thomas D.",0,1,1,1,1,1,1,1,1,1,1,0,7,3,10,1,1,2,0.8333333333333334
662,2254373019,"Cabuco, Thomas P.",0,1,0,0,1,1,1,1,1,1,1,1,5,4,9,3,0,3,0.75
663,2342588230,"Dela Cruz, Jeter F.",1,1,1,1,1,1,1,1,1,1,0,1,8,3,11,0,1,1,0.9166666666666666
664,2243730575,"Publico, Rica M.",0,1,1,0,0,1,1,1,0,1,1,1,5,3,8,3,1,4,0.6666666666666666
665,2251083108,"Flores, Miguel P.",1,1,0,0,0,1,1,1,1,1,1,1,5,4,9,3,0,3,0.75
666,2349220245,"Uy, Ella G.",1,1,0,1,1,1,1,1,1,1,1,1,7,4,11,1,0,1,0.9166666666666666
667,2350596781,"Mercado, Mark O.",1,1,1,1,1,1,1,1,1,1,1,1,8,4,12,0,0,0,1
668,2266643230,"Aquino, John A.",1,1,1,1,1,1,1,1,1,1,1,1,8,4,12,0,0,0,1
669,2296869296,"Cruz, Paolo B.",1,1,0,1,0,0,1,1,1,1,1,0,5,3,8,3,1,4,0.6666666666666666
670,2263642484,"Cajes, Mary P.",1,0,0,1,0,1,1,1,1,1,0,0,5,2,7,3,2,5,0.5833333333333334
671,2273498056,"Bautista, Sean F.",1,1,0,1,1,1,1,0,1,1,1,1,6,4,10,2,0,2,0.8333333333333334
672,2336883232,"Garcia, Kyle C.",1,1,1,1,1,1,1,1,1,1,1,1,8,4,12,0,0,0,1
673,2362966438,"Tolentino, Christian L.",1,1,0,1,1,1,1,1,1,0,1,1,7,3,10,1,1,2,0.8333333333333334
674,2346338987,"Valdez, Angela C.",1,1,1,1,1,1,0,1,0,1,1,1,7,3,10,1,1,2,0.8333333333333334
675,2247570262,"Reyes, Nicole F.",1,1,1,1,1,1,1,1,0,1,1,1,8,3,11,0,1,1,0.9166666666666666
676,2246515268,"Cabuco, Kim O.",1,1,1,1,1,0,1,0,0,0,0,1,6,1,7,2,3,5,0.5833333333333334
677,2291041326,"Rubio, Miky A.",1,0,1,0,1,1,1,1,0,1,1,0,6,2,8,2,2,4,0.6666666666666666
678,2214176909,"Dela Cruz, Ian M.",1,1,1,0,1,1,1,1,1,1,1,1,7,4,11,1,0,1,0.9166666666666666
679,2230312868,"Fernandez, James N.",1,1,1,1,1,1,1,1,1,1,0,1,8,3,11,0,1,1,0.9166666666666666
680,2256462937,"Santos, Thomas F.",0,1,1,0,0,1,1,0,1,0,1,1,4,3,7,4,1,5,0.5833333333333334
681,2299364440,"Navarro, Kyle P.",0,1,0,0,0,0,1,0,0,0,1,1,2,2,4,6,2,8,0.3333333333333333
682,2248984386,"Gonzales, Donna G.",0,1,1,1,1,0,1,1,1,1,0,1,6,3,9,2,1,3,0.75
683,2306085516,"Dela Cruz, Kim L.",1,1,1,1,1,0,1,1,1,1,1,1,7,4,11,1,0,1,0.9166666666666666
684,2228989633,"Villanueva, Christian P.",0,0,1,0,1,1,1,1,1,0,1,0,5,2,7,3,2,5,0.5833333333333334
685,2259320118,"Gumapac, Trisha H.",1,1,1,1,1,1,1,1,1,1,1,1,8,4,12,0,0,0,1
686,2322599043,"Dela Cruz, Kim N.",1,1,1,1,1,1,1,1,1,1,1,1,8,4,12,0,0,0,1
687,2398030762,"Lintawahan, Miguel L.",1,1,0,1,1,1,1,0,1,0,1,1,6,3,9,2,1,3,0.75
688,2202899816,"Uy, Gabriel J.",1,1,0,1,1,1,1,1,0,1,1,1,7,3,10,1,1,2,0.8333333333333334
689,2200713269,"Aquino, Rica G.",0,1,1,1,1,1,1,1,1,1,1,0,7,3,10,1,1,2,0.8333333333333334
690,2339309165,"Navarro, Christian G.",0,1,1,1,0,0,1,0,1,1,0,1,4,3,7,4,1,5,0.5833333333333334
691,2363023993,"Gumapac, James I.",1,1,1,1,1,0,1,0,0,1,0,1,6,2,8,2,2,4,0.6666666666666666
692,2333900540,"Gumapac, Nathan J.",1,1,1,1,0,0,1,1,1,1,0,0,6,2,8,2,2,4,0.6666666666666666
693,2330456629,"Lantinay, Miky D.",1,1,0,1,1,1,1,1,1,1,1,1,7,4,11,1,0,1,0.9166666666666666
694,2305035487,"Navarro, Kim H.",1,0,1,0,1,0,0,0,0,1,1,1,3,3,6,5,1,6,0.5
695,2206195606,"Uy, Nicole G.",1,1,1,1,1,1,1,1,1,0,1,1,8,3,11,0,1,1,0.9166666666666666
696,2320862405,"Halinon, John K.",1,1,1,1,0,1,1,1,1,1,1,0,7,3,10,1,1,2,0.8333333333333334
697,2259506010,"Tolentino, Rica G.",0,0,1,1,1,1,1,1,0,0,1,1,6,2,8,2,2,4,0.6666666666666666
698,2317504237,"Uy, Pia A.",1,1,1,1,1,1,1,1,1,1,1,1,8,4,12,0,0,0,1
699,2284989553,"De Guzman, Jaymarc C.",0,1,1,1,0,1,1,1,1,0,1,1,6,3,9,2,1,3,0.75
700,2313241392,"Lantinay, John I.",1,1,1,1,1,1,1,0,1,1,1,1,7,4,11,1,0,1,0.9166666666666666
701,2380941628,"Lopez, Kyle P.",1,1,1,1,1,1,1,1,0,1,1,1,8,3,11,0,1,1,0.9166666666666666
702,2301425707,"Tilanduca, Jade E.",1,1,0,1,1,1,1,1,1,0,1,1,7,3,10,1,1,2,0.8333333333333334
703,2353967173,"Quimbo, Jaymarc G.",1,0,1,1,1,0,0,1,1,0,0,0,5,1,6,3,3,6,0.5
704,2230144806,"Gumapac, Kate J.",1,1,1,1,1,0,1,0,0,1,0,0,6,1,7,2,3,5,0.5833333333333334
705,2359483579,"Aquino, Ella N.",0,0,1,1,0,1,1,1,1,0,1,1,5,3,8,3,1,4,0.6666666666666666
706,2263573622,"Publico, Jade D.",1,1,1,1,1,1,1,1,1,1,0,1,8,3,11,0,1,1,0.9166666666666666
707,2362510416,"Gumapac, Justine P.",1,1,1,1,0,0,1,1,0,1,1,1,6,3,9,2,1,3,0.75
708,2264726234,"Añonuevo, Jannerie F.",0,1,1,1,1,0,1,1,1,0,1,1,6,3,9,2,1,3,0.75
709,2204299020,"Publico, Miky M.",1,1,1,1,1,1,1,1,1,0,1,1,8,3,11,0,1,1,0.9166666666666666
710,2241403756,"Maraon, Kim B.",1,1,1,1,0,1,0,1,1,1,1,1,6,4,10,2,0,2,0.8333333333333334
711,2291717427,"Lopez, Jade O.",1,1,1,1,0,1,1,1,1,0,1,1,7,3,10,1,1,2,0.8333333333333334
712,2389036228,"Publico, Rica H.",1,1,1,1,1,1,0,1,1,1,1,1,7,4,11,1,0,1,0.9166666666666666
713,2382696908,"De Guzman, Miguel L.",0,1,1,1,1,1,1,1,1,1,1,1,7,4,11,1,0,1,0.9166666666666666
714,2224746162,"Melendez, Elisabeth D.",1,1,0,1,1,1,1,1,0,0,1,1,7,2,9,1,2,3,0.75
715,2214887087,"Cajes, Kyle A.",0,1,1,1,0,1,1,1,0,1,1,1,6,3,9,2,1,3,0.75
716,2224688719,"Lisondra, Nathan O.",1,1,1,0,1,1,1,1,1,1,1,0,7,3,10,1,1,2,0.8333333333333334
717,2389826748,"Salazar, Alyssa A.",1,1,1,1,1,1,1,1,1,1,1,1,8,4,12,0,0,0,1
718,2394552645,"Magante, Nicole L.",1,1,1,0,1,0,1,0,1,1,1,1,5,4,9,3,0,3,0.75
719,2320579731,"Tan, Natalie A.",1,0,0,1,1,0,1,1,1,0,1,0,5,2,7,3,2,5,0.5833333333333334
720,2232075567,"Torres, Mark E.",0,0,0,0,1,0,1,0,0,1,1,1,2,3,5,6,1,7,0.4166666666666667
721,2221679602,"Publico, Carlo J.",1,1,1,1,1,1,1,1,1,1,1,0,8,3,11,0,1,1,0.9166666666666666
722,2289798522,"Santos, Mark F.",0,1,0,1,1,0,1,0,1,0,0,0,4,1,5,4,3,7,0.4166666666666667
723,2260588316,"Mendoza, John P.",1,1,0,1,1,1,1,0,1,0,1,1,6,3,9,2,1,3,0.75
724,2251198667,"Gumapac, Miguel O.",1,1,1,0,1,0,0,1,1,1,0,1,5,3,8,3,1,4,0.6666666666666666
725,2294223699,"Publico, Kevin G.",1,1,1,1,0,1,1,0,1,1,1,1,6,4,10,2,0,2,0.8333333333333334
726,2296096078,"Uy, Faith C.",1,1,1,0,1,0,1,1,1,1,0,1,6,3,9,2,1,3,0.75
727,2285492654,"Soriano, Kim A.",1,1,0,1,1,1,0,1,1,0,1,1,6,3,9,2,1,3,0.75
728,2272776184,"Cajes, EJ M.",1,1,0,0,1,1,0,0,1,1,1,0,4,3,7,4,1,5,0.5833333333333334
729,2224480546,"Gumapac, Miguel J.",1,1,1,1,1,0,1,1,1,1,1,1,7,4,11,1,0,1,0.9166666666666666
730,2303081278,"Navarro, Sean G.",1,0,1,1,1,1,1,1,1,0,0,1,7,2,9,1,2,3,0.75
731,2273852884,"Tan, Winchel H.",1,1,1,1,0,1,1,1,0,1,1,1,7,3,10,1,1,2,0.8333333333333334
732,2208808180,"Reyes, Angela J.",1,1,0,1,1,1,0,1,1,1,1,1,6,4,10,2,0,2,0.8333333333333334
733,2266269097,"Mercado, Jade O.",1,1,1,0,1,1,1,1,1,0,1,1,7,3,10,1,1,2,0.8333333333333334
734,2319890027,"Nuer, Mary L.",1,1,1,1,1,1,1,1,1,1,1,1,8,4,12,0,0,0,1
735,2245828120,"Nuer, John L.",1,1,1,1,1,1,1,1,1,0,1,1,8,3,11,0,1,1,0.9166666666666666
736,2360780331,"Nuer, Pia P.",1,1,0,1,1,0,1,1,1,1,1,1,6,4,10,2,0,2,0.8333333333333334
737,2283261788,"Tolentino, Mary A.",1,1,0,0,1,1,0,0,1,0,0,1,4,2,6,4,2,6,0.5
738,2204942774,"Tolentino, Miguel D.",1,0,1,1,1,1,1,1,1,1,1,1,7,4,11,1,0,1,0.9166666666666666
739,2293657910,"Magante, Jeter G.",1,0,1,1,1,0,1,1,0,1,1,1,6,3,9,2,1,3,0.75
740,2343472255,"Torres, Nathan J.",0,1,0,1,0,1,0,1,1,1,0,0,4,2,6,4,2,6,0.5
741,2355585791,"Albarracin, Meljon H.",0,1,0,0,1,1,0,1,1,1,0,1,4,3,7,4,1,5,0.5833333333333334
742,2383886545,"Cruz, Jannerie O.",1,1,0,1,1,0,0,1,1,1,1,0,5,3,8,3,1,4,0.6666666666666666
743,2338421343,"Reyes, Miguel P.",1,0,1,0,0,1,1,0,1,1,0,1,4,3,7,4,1,5,0.5833333333333334
744,2389766697,"Publico, Paolo A.",0,1,0,0,0,1,0,0,1,1,1,1,2,4,6,6,0,6,0.5
745,2246762928,"Rivera, Christian M.",0,1,1,0,1,0,0,0,1,0,1,1,3,3,6,5,1,6,0.5
746,2349314124,"Gumapac, Ian M.",1,1,0,1,1,1,1,0,1,1,1,1,6,4,10,2,0,2,0.8333333333333334
747,2300098056,"Valdez, Winchel J.",1,1,1,1,0,1,1,1,1,1,1,0,7,3,10,1,1,2,0.8333333333333334
748,2275264782,"Halinon, Jeter D.",1,1,1,1,1,1,1,1,1,1,1,1,8,4,12,0,0,0,1
749,2374411464,"Maraon, Nicole L.",0,1,1,1,1,1,1,1,0,1,1,0,7,2,9,1,2,3,0.75
750,2357495814,"Valdez, Ella P.",1,1,1,1,1,1,1,1,1,1,1,1,8,4,12,0,0,0,1
751,2218829638,"Salazar, John N.",1,1,1,1,1,1,0,1,0,1,1,1,7,3,10,1,1,2,0.8333333333333334
752,2215062461,"Rubio, Ella C.",1,1,1,1,0,1,1,1,0,1,1,1,7,3,10,1,1,2,0.8333333333333334
753,2221309460,"Dela Cruz, Pia L.",1,1,1,1,1,1,1,1,1,0,1,1,8,3,11,0,1,1,0.9166666666666666
754,2374114530,"Delfin, EJ E.",1,1,0,1,1,1,0,1,1,1,1,1,6,4,10,2,0,2,0.8333333333333334
755,2256067424,"Garcia, Justine D.",1,1,1,1,0,1,1,1,0,1,1,1,7,3,10,1,1,2,0.8333333333333334
756,2286592740,"Magante, John L.",1,1,1,1,1,1,1,0,1,1,1,1,7,4,11,1,0,1,0.9166666666666666
757,2305688323,"Domingo, Meljon H.",1,1,0,1,0,0,1,0,0,1,0,0,4,1,5,4,3,7,0.4166666666666667
758,2393920729,"Halinon, Daniel J.",1,1,1,1,1,1,1,1,0,1,1,1,8,3,11,0,1,1,0.9166666666666666
759,2263285089,"Delfin, Renz E.",1,1,1,1,1,1,1,1,1,1,1,1,8,4,12,0,0,0,1
760,2307015379,"Salto, Kim O.",1,1,1,1,1,1,1,0,1,1,1,1,7,4,11,1,0,1,0.9166666666666666
761,2216731345,"Garcia, Anne J.",1,1,0,0,0,1,0,1,0,0,1,0,4,1,5,4,3,7,0.4166666666666667
762,2353504764,"Castro, Ella G.",1,1,1,1,1,1,1,1,1,1,0,1,8,3,11,0,1,1,0.9166666666666666
763,2320409209,"Cabuco, Paolo F.",1,1,1,1,1,1,1,1,1,1,1,1,8,4,12,0,0,0,1
764,2266567021,"Castro, Johann P.",1,0,1,1,1,1,1,1,1,1,1,0,7,3,10,1,1,2,0.8333333333333334
765,2325553320,"Lantinay, Ella J.",0,1,1,0,0,0,1,0,1,0,1,0,3,2,5,5,2,7,0.4166666666666667
766,2359170084,"Gumapac, Dean D.",1,1,1,1,1,1,0,1,1,1,1,1,7,4,11,1,0,1,0.9166666666666666
767,2361400779,"Tilanduca, Miguel C.",1,1,0,1,1,1,1,1,1,1,1,0,7,3,10,1,1,2,0.8333333333333334
768,2304689638,"Castro, John O.",1,1,1,1,1,1,1,1,1,1,1,1,8,4,12,0,0,0,1
769,2367530778,"Nuer, Gabriel E.",0,1,1,1,1,1,1,0,1,1,1,1,6,4,10,2,0,2,0.8333333333333334
770,2209332949,"Halinon, Ella A.",1,1,1,1,1,1,1,1,1,1,1,1,8,4,12,0,0,0,1
771,2320128702,"Tilanduca, Carlo F.",1,1,0,1,1,1,1,0,1,1,1,1,6,4,10,2,0,2,0.8333333333333334
772,2358404740,"Torres, Kevin G.",1,1,1,1,1,1,0,1,1,1,0,1,7,3,10,1,1,2,0.8333333333333334
773,2217801698,"Tilanduca, Mary G.",1,1,1,1,0,1,1,1,1,0,1,1,7,3,10,1,1,2,0.8333333333333334
774,2265546559,"De Guzman, Mark A.",1,0,0,1,1,1,0,1,0,1,1,0,5,2,7,3,2,5,0.5833333333333334
775,2270977453,"Santos, Renz F.",1,1,1,1,0,1,1,1,1,1,1,0,7,3,10,1,1,2,0.8333333333333334
776,2327811973,"Dela Cerna, Claire J.",1,1,1,1,1,1,1,0,1,1,1,1,7,4,11,1,0,1,0.9166666666666666
777,2324103273,"Flores, Mark H.",1,1,1,1,1,1,1,1,1,1,1,1,8,4,12,0,0,0,1
778,2356316479,"Valdez, Meljon J.",1,1,1,1,0,1,1,1,1,1,0,1,7,3,10,1,1,2,0.8333333333333334
779,2360495541,"Halinon, Jannerie I.",0,1,1,0,1,1,1,1,1,1,0,1,6,3,9,2,1,3,0.75
780,2395832394,"Ramos, Princess I.",1,1,1,1,1,1,1,1,1,0,1,1,8,3,11,0,1,1,0.9166666666666666
781,2259635399,"Aquino, Kate G.",1,1,1,1,1,1,0,1,1,1,1,1,7,4,11,1,0,1,0.9166666666666666
782,2296561440,"Delfin, Claire P.",1,1,1,1,1,1,0,1,1,1,1,0,7,3,10,1,1,2,0.8333333333333334
783,2398166226,"Delfin, Sean G.",1,1,0,1,1,0,1,1,1,1,1,1,6,4,10,2,0,2,0.8333333333333334
784,2347910449,"Lisondra, Jade K.",1,1,0,0,1,1,1,1,0,1,0,1,6,2,8,2,2,4,0.6666666666666666
785,2208586448,"Valdez, Jade G.",1,1,1,0,0,1,1,0,1,1,1,1,5,4,9,3,0,3,0.75
786,2303866654,"Abad, Jessa A.",1,1,1,1,1,1,1,0,1,1,1,1,7,4,11,1,0,1,0.9166666666666666
787,2371458585,"Merina, Sean M.",1,0,0,1,1,1,1,1,1,0,1,1,6,3,9,2,1,3,0.75
788,2226036084,"Mendoza, Natalie E.",1,1,1,1,1,1,1,1,1,1,1,1,8,4,12,0,0,0,1
789,2218512538,"Lisondra, Nicole A.",0,1,0,1,1,1,1,1,1,1,0,1,6,3,9,2,1,3,0.75
790,2350426384,"Uy, Natalie O.",0,1,0,1,1,1,0,0,1,0,0,0,4,1,5,4,3,7,0.4166666666666667
791,2397708395,"Delfin, Mary K.",0,1,1,1,0,1,1,0,0,1,1,0,5,2,7,3,2,5,0.5833333333333334
792,2395116483,"Uy, Natalie A.",1,1,1,1,1,1,1,0,1,1,1,1,7,4,11,1,0,1,0.9166666666666666
793,2264357360,"Halinon, John J.",0,0,1,0,1,1,1,1,0,0,1,1,5,2,7,3,2,5,0.5833333333333334
794,2298565351,"Torres, Jade A.",1,0,1,1,1,1,1,1,1,1,1,1,7,4,11,1,0,1,0.9166666666666666
795,2336652902,"Publico, Donna I.",1,0,1,1,1,1,0,1,0,1,1,1,6,3,9,2,1,3,0.75
796,2304695869,"Lisondra, Jeter P.",1,1,1,1,1,1,1,0,1,0,0,1,7,2,9,1,2,3,0.75
797,2215739185,"Tolentino, Christian B.",1,1,1,1,1,1,1,1,1,1,1,1,8,4,12,0,0,0,1
798,2313167713,"Gumapac, Anne L.",0,1,0,1,0,1,1,1,0,1,1,1,5,3,8,3,1,4,0.6666666666666666
799,2333138529,"Castro, Ian D.",1,1,1,1,0,1,0,1,0,1,1,1,6,3,9,2,1,3,0.75
800,2216966565,"Delfin, Thomas C.",1,1,1,1,1,1,1,0,1,1,0,1,7,3,10,1,1,2,0.8333333333333334
801,2333352075,"Salazar, Faith G.",1,0,1,1,0,1,0,1,1,1,1,0,5,3,8,3,1,4,0.6666666666666666
802,2286197821,"Lisondra, Kevin O.",1,1,1,0,0,1,0,1,1,1,1,0,5,3,8,3,1,4,0.6666666666666666
803,2215652786,"Tilanduca, Meljon C.",1,1,1,1,1,1,1,1,1,1,0,1,8,3,11,0,1,1,0.9166666666666666
804,2387573131,"Mendoza, Natalie G.",1,0,1,1,0,1,1,0,0,1,1,1,5,3,8,3,1,4,0.6666666666666666
805,2277210762,"Merina, Khiara M.",0,0,1,1,1,1,1,1,1,1,1,1,6,4,10,2,0,2,0.8333333333333334
806,2313867394,"Torres, Donna I.",1,1,1,1,1,0,0,1,1,1,1,1,6,4,10,2,0,2,0.8333333333333334
807,2290967494,"Aquino, Mary L.",1,1,1,1,1,1,0,1,1,1,1,1,7,4,11,1,0,1,0.9166666666666666
808,2200002487,"Halinon, Elisabeth K.",1,0,1,1,0,1,1,1,1,1,1,0,6,3,9,2,1,3,0.75
809,2217697594,"Lintawahan, Claire A.",1,1,1,1,1,1,1,1,1,1,1,1,8,4,12,0,0,0,1
810,2265464644,"Neri, Nicole C.",1,1,1,1,0,1,1,0,1,1,1,0,6,3,9,2,1,3,0.75
811,2236357889,"Dela Cruz, Pol F.",0,1,1,0,1,1,0,0,0,1,1,0,4,2,6,4,2,6,0.5
812,2265683940,"Dela Cruz, Miky M.",1,1,1,1,1,1,1,1,1,1,1,0,8,3,11,0,1,1,0.9166666666666666
813,2318654200,"Lisondra, Christian C.",1,1,0,1,1,1,1,1,1,1,1,1,7,4,11,1,0,1,0.9166666666666666
814,2308551655,"Publico, Claire J.",0,1,1,1,1,1,1,0,0,1,1,1,6,3,9,2,1,3,0.75
815,2303744932,"Lantinay, Jannerie K.",0,0,1,1,1,1,0,1,0,1,0,1,5,2,7,3,2,5,0.5833333333333334
816,2326414149,"Halinon, EJ N.",1,0,1,1,1,1,1,1,0,1,0,1,7,2,9,1,2,3,0.75
817,2221768353,"Bautista, Carlo M.",1,1,1,1,0,1,0,0,0,1,1,0,5,2,7,3,2,5,0.5833333333333334
818,2223570517,"Villanueva, Thomas C.",1,1,1,0,0,1,1,0,0,1,0,0,5,1,6,3,3,6,0.5
819,2396732877,"Aquino, Ella C.",1,1,1,0,1,1,1,1,1,0,1,1,7,3,10,1,1,2,0.8333333333333334
820,2230453360,"Reyes, Ian G.",1,1,1,1,1,1,0,1,1,0,1,0,7,2,9,1,2,3,0.75
821,2365953644,"Cruz, Kevin B.",1,0,1,1,1,1,1,0,1,1,1,1,6,4,10,2,0,2,0.8333333333333334
822,2242625386,"Gonzales, John D.",1,1,1,1,0,1,0,1,1,1,1,1,6,4,10,2,0,2,0.8333333333333334
823,2392250138,"Mendoza, Meljon F.",1,1,1,1,1,1,1,1,1,1,1,1,8,4,12,0,0,0,1
824,2342259571,"Lisondra, Renz M.",1,1,1,1,0,1,1,1,1,0,1,1,7,3,10,1,1,2,0.8333333333333334
825,2380104303,"Uy, Jade L.",1,0,0,1,1,0,1,1,1,1,0,0,5,2,7,3,2,5,0.5833333333333334
826,2321121716,"Salazar, Juvel D.",1,1,1,1,1,1,1,0,0,1,1,1,7,3,10,1,1,2,0.8333333333333334
827,2317123639,"Merina, Jaymarc H.",1,1,0,0,1,1,0,1,1,1,1,1,5,4,9,3,0,3,0.75
828,2200740087,"Villanueva, John J.",0,1,0,1,0,0,0,1,0,1,0,1,3,2,5,5,2,7,0.4166666666666667
829,2213620146,"Nuer, James O.",1,1,0,1,1,1,1,1,1,0,0,1,7,2,9,1,2,3,0.75
830,2339448713,"Garcia, Kate E.",1,1,1,0,1,1,1,0,1,1,1,0,6,3,9,2,1,3,0.75
831,2327514879,"Dela Cerna, Mary L.",0,1,1,1,1,1,0,1,0,0,0,1,6,1,7,2,3,5,0.5833333333333334
832,2335828474,"Santos, Paul I.",1,0,1,0,1,1,1,1,1,1,1,1,6,4,10,2,0,2,0.8333333333333334
833,2251370343,"Domingo, Gabriel K.",1,0,1,1,1,1,1,0,1,0,0,1,6,2,8,2,2,4,0.6666666666666666
834,2331816244,"Maraon, Justine B.",1,0,0,1,0,1,1,1,0,0,1,0,5,1,6,3,3,6,0.5
835,2205653566,"Salto, Sean B.",0,0,0,1,1,0,0,1,1,0,1,0,3,2,5,5,2,7,0.4166666666666667
836,2272791455,"Domingo, Khiara D.",1,1,1,1,1,1,1,1,0,0,1,1,8,2,10,0,2,2,0.8333333333333334
837,2265398546,"Uy, James I.",1,1,1,1,1,1,1,1,1,1,1,1,8,4,12,0,0,0,1
838,2260907363,"Salazar, Maria A.",1,0,1,1,1,1,1,1,1,1,1,1,7,4,11,1,0,1,0.9166666666666666
839,2207176566,"Dela Cruz, John D.",0,1,1,1,1,0,0,1,1,1,1,1,5,4,9,3,0,3,0.75
840,2285285336,"Mendoza, Trisha E.",0,1,1,1,1,0,0,1,1,0,0,1,5,2,7,3,2,5,0.5833333333333334
841,2386932414,"Malana, Juvel J.",1,1,1,1,1,1,1,1,1,0,1,1,8,3,11,0,1,1,0.9166666666666666
842,2394338482,"Dela Cruz, Dean I.",1,1,1,1,1,1,1,1,0,1,1,1,8,3,11,0,1,1,0.9166666666666666
843,2337096079,"Navarro, Christian C.",1,1,0,1,1,1,1,1,0,1,1,1,7,3,10,1,1,2,0.8333333333333334
844,2242749128,"Merina, Kyle E.",1,1,1,1,1,1,0,1,1,1,1,1,7,4,11,1,0,1,0.9166666666666666
845,2318307151,"Mercado, Pia N.",1,0,1,1,0,1,0,1,1,1,0,1,5,3,8,3,1,4,0.6666666666666666
846,2313496841,"Uy, James E.",1,0,1,1,0,1,1,1,1,1,1,1,6,4,10,2,0,2,0.8333333333333334
847,2311314469,"Dela Cerna, Nicole P.",1,1,1,1,1,1,1,1,0,1,1,1,8,3,11,0,1,1,0.9166666666666666
848,2225016109,"Albarracin, Elisabeth M.",1,1,0,0,1,1,1,0,0,1,1,1,5,3,8,3,1,4,0.6666666666666666
849,2320715683,"Flores, Pia L.",1,0,1,1,1,1,1,1,1,1,1,1,7,4,11,1,0,1,0.9166666666666666
850,2306224163,"Halinon, Paolo P.",0,1,1,0,1,1,0,1,1,1,0,0,5,2,7,3,2,5,0.5833333333333334
851,2310073088,"Magante, Paolo N.",0,1,0,1,1,0,0,1,1,1,1,0,4,3,7,4,1,5,0.5833333333333334
852,2232869887,"Cabuco, Nathan D.",1,1,1,1,1,0,0,0,1,1,0,1,5,3,8,3,1,4,0.6666666666666666
853,2264721596,"Castro, Jade K.",1,1,0,1,1,1,0,0,1,1,1,0,5,3,8,3,1,4,0.6666666666666666
854,2280356686,"Mercado, Elisabeth J.",1,1,1,1,0,1,0,1,1,1,1,1,6,4,10,2,0,2,0.8333333333333334
855,2366967230,"Gonzales, Ian M.",1,1,1,1,1,1,1,1,1,1,1,1,8,4,12,0,0,0,1
856,2343777139,"Gumapac, Nicole K.",1,1,1,1,0,0,1,1,1,1,0,1,6,3,9,2,1,3,0.75
857,2229162851,"Neri, Lance N.",1,1,1,1,1,1,1,1,1,1,0,1,8,3,11,0,1,1,0.9166666666666666
858,2216300114,"Domingo, Meljon M.",1,0,1,1,1,0,1,1,0,1,1,0,6,2,8,2,2,4,0.6666666666666666
859,2334539825,"Mercado, Miky I.",1,0,1,1,1,0,1,1,0,1,1,1,6,3,9,2,1,3,0.75
860,2235252925,"Dela Cruz, Nicole C.",1,0,0,1,0,1,1,1,1,0,1,1,5,3,8,3,1,4,0.6666666666666666
861,2202157725,"Albarracin, Miky H.",0,1,1,1,1,1,1,0,1,1,0,0,6,2,8,2,2,4,0.6666666666666666
862,2301910633,"Garcia, Sean A.",0,1,0,1,0,0,0,1,1,1,1,1,3,4,7,5,0,5,0.5833333333333334
863,2236601871,"Ramos, James J.",1,0,1,0,0,0,1,0,1,1,0,1,3,3,6,5,1,6,0.5
864,2200110128,"Garcia, Joshua O.",1,0,0,1,0,0,1,1,1,0,1,0,4,2,6,4,2,6,0.5
865,2213706233,"Torres, Elisabeth N.",0,0,1,1,0,0,0,0,1,1,1,1,2,4,6,6,0,6,0.5
866,2223637126,"Garcia, Miky B.",1,1,0,1,1,1,1,0,0,0,0,1,6,1,7,2,3,5,0.5833333333333334
867,2245386536,"Torres, Meljon L.",1,1,1,1,1,1,1,1,1,1,1,1,8,4,12,0,0,0,1
868,2308705186,"De Guzman, Jeter J.",1,1,1,1,1,1,1,1,0,1,1,1,8,3,11,0,1,1,0.9166666666666666
869,2286610605,"Valdez, Sean C.",0,1,0,1,1,0,1,1,1,1,0,1,5,3,8,3,1,4,0.6666666666666666
870,2350047589,"Gonzales, Claire C.",0,1,1,1,0,1,0,1,1,0,0,1,5,2,7,3,2,5,0.5833333333333334
871,2237046411,"Dela Cerna, Thomas B.",1,1,1,0,1,1,1,1,1,1,1,1,7,4,11,1,0,1,0.9166666666666666
872,2313294041,"Rivera, Paul B.",1,1,1,1,1,0,1,1,1,0,0,1,7,2,9,1,2,3,0.75
873,2373174713,"Gumapac, Elisabeth N.",1,0,1,1,1,1,1,1,0,1,1,1,7,3,10,1,1,2,0.8333333333333334
874,2215547713,"Malana, Jannerie L.",1,1,0,0,1,1,1,1,1,1,1,1,6,4,10,2,0,2,0.8333333333333334
875,2262562435,"Halinon, Christian L.",0,1,1,1,1,1,1,1,1,1,1,1,7,4,11,1,0,1,0.9166666666666666
876,2309805103,"Malana, Anne P.",1,1,1,1,1,1,1,1,1,1,1,1,8,4,12,0,0,0,1
877,2291117367,"Albarracin, Donna A.",1,0,1,1,1,1,1,0,1,1,1,0,6,3,9,2,1,3,0.75
878,2264675810,"Soriano, Mary G.",1,1,1,1,1,1,1,1,1,1,1,1,8,4,12,0,0,0,1
879,2344652610,"Mercado, Juvel L.",1,1,0,1,1,1,1,0,1,1,0,1,6,3,9,2,1,3,0.75
880,2318632339,"Nuer, Kate F.",1,1,1,1,1,1,1,1,1,1,1,0,8,3,11,0,1,1,0.9166666666666666
881,2326448641,"De Guzman, Meljon E.",0,0,1,1,0,1,0,0,1,0,0,0,3,1,4,5,3,8,0.3333333333333333
882,2246118223,"Santos, Sean L.",0,1,1,0,1,0,0,0,1,0,1,0,3,2,5,5,2,7,0.4166666666666667
883,2202061313,"Publico, Jade M.",1,1,1,1,1,1,1,1,1,1,1,1,8,4,12,0,0,0,1
884,2252935429,"Halinon, Mark M.",1,1,1,0,1,0,1,1,1,0,1,1,6,3,9,2,1,3,0.75
885,2301317557,"Tan, Daniel G.",1,1,1,1,1,1,1,1,1,1,1,1,8,4,12,0,0,0,1
886,2275093211,"Delfin, Jade J.",0,1,0,1,1,0,1,1,1,0,1,1,5,3,8,3,1,4,0.6666666666666666
887,2325491785,"Publico, Mary L.",1,0,1,1,1,1,1,1,1,1,1,0,7,3,10,1,1,2,0.8333333333333334
888,2258769985,"Lisondra, Lance H.",1,1,1,1,1,1,1,1,1,1,0,1,8,3,11,0,1,1,0.9166666666666666
889,2257376907,"Lisondra, Rogelio M.",1,1,1,0,1,1,1,0,1,1,1,1,6,4,10,2,0,2,0.8333333333333334
890,2341672924,"Quimbo, Meljon M.",0,0,1,0,1,1,1,1,1,1,1,1,5,4,9,3,0,3,0.75
891,2241223323,"Tan, Thomas A.",1,1,1,1,0,1,1,1,1,1,1,1,7,4,11,1,0,1,0.9166666666666666
892,2288273857,"Aquino, Sean E.",1,1,1,1,1,1,0,0,1,1,1,1,6,4,10,2,0,2,0.8333333333333334
893,2258933897,"Delfin, Princess D.",1,1,0,1,1,0,1,1,1,1,1,1,6,4,10,2,0,2,0.8333333333333334
894,2321301871,"Rivera, Gabriel G.",1,1,1,1,1,1,1,1,1,0,1,1,8,3,11,0,1,1,0.9166666666666666
895,2266247581,"Cruz, Jaira F.",1,1,1,1,1,1,1,1,1,1,1,1,8,4,12,0,0,0,1
896,2316845788,"Delfin, Ian F.",1,1,1,1,1,1,1,1,0,1,1,1,8,3,11,0,1,1,0.9166666666666666
897,2347986967,"Gumapac, Anne N.",1,1,1,0,1,0,1,1,1,1,1,1,6,4,10,2,0,2,0.8333333333333334
898,2241335821,"Cruz, Carlo C.",1,0,0,1,1,1,1,1,1,1,1,1,6,4,10,2,0,2,0.8333333333333334
899,2210534366,"Fernandez, Christian O.",1,1,1,1,1,1,1,1,0,1,1,1,8,3,11,0,1,1,0.9166666666666666
900,2231656266,"Lintawahan, Johann E.",1,1,1,1,1,1,1,1,0,0,1,1,8,2,10,0,2,2,0.8333333333333334
901,2390147352,"Lantinay, Dean H.",1,1,1,1,0,0,1,0,1,1,1,0,5,3,8,3,1,4,0.6666666666666666
902,2368570825,"Delfin, Renz D.",0,0,1,0,0,1,1,1,1,0,1,1,4,3,7,4,1,5,0.5833333333333334
903,2298295369,"Nuer, Thomas G.",1,1,1,1,1,0,0,1,1,1,0,1,6,3,9,2,1,3,0.75
904,2243040217,"Garcia, Mark P.",1,1,0,1,1,0,1,1,1,0,0,1,6,2,8,2,2,4,0.6666666666666666
905,2303672286,"Salazar, John M.",0,1,1,1,1,1,0,1,1,1,0,0,6,2,8,2,2,4,0.6666666666666666
906,2308315938,"Lantinay, Meljon N.",1,1,0,1,1,0,1,1,1,0,1,1,6,3,9,2,1,3,0.75
907,2242651138,"Aquino, Christian G.",1,1,1,1,1,1,1,1,0,1,0,1,8,2,10,0,2,2,0.8333333333333334
908,2367324495,"Santos, Mary N.",1,1,1,0,1,1,1,1,1,1,1,1,7,4,11,1,0,1,0.9166666666666666
909,2319644693,"Malana, Mark P.",1,0,1,1,1,1,0,1,1,1,0,0,6,2,8,2,2,4,0.6666666666666666
910,2345670057,"Mendoza, Patrick E.",1,1,1,1,1,1,1,1,1,0,1,0,8,2,10,0,2,2,0.8333333333333334
911,2269670159,"Halinon, Nicole I.",1,0,1,1,0,1,0,1,1,1,1,1,5,4,9,3,0,3,0.75
912,2382835088,"Mercado, Angela N.",1,1,1,1,1,1,1,1,1,1,0,1,8,3,11,0,1,1,0.9166666666666666
913,2319946647,"Tan, Dean A.",1,1,1,1,0,1,1,1,1,0,1,0,7,2,9,1,2,3,0.75
914,2257190747,"Lantinay, Paolo K.",1,1,1,1,1,1,0,1,1,1,1,0,7,3,10,1,1,2,0.8333333333333334
915,2244739990,"Tilanduca, James J.",1,1,1,1,0,0,1,1,0,1,1,0,6,2,8,2,2,4,0.6666666666666666
916,2300406404,"Cruz, Johann D.",1,1,0,1,1,1,1,1,1,1,1,1,7,4,11,1,0,1,0.9166666666666666
917,2383164633,"Navarro, Johann M.",1,1,1,1,1,1,1,1,1,1,1,1,8,4,12,0,0,0,1
918,2251574244,"Publico, Jade B.",1,1,1,1,1,1,1,1,1,1,1,1,8,4,12,0,0,0,1
919,2383896955,"Tilanduca, Jaira F.",1,1,1,1,1,1,1,1,1,1,1,1,8,4,12,0,0,0,1
920,2344897011,"Halinon, Kim O.",1,1,1,1,1,1,1,0,1,0,0,1,7,2,9,1,2,3,0.75
921,2219654341,"Tilanduca, Claire C.",1,1,0,1,1,1,1,1,1,1,1,1,7,4,11,1,0,1,0.9166666666666666
922,2263737199,"Uy, Miky I.",1,1,1,1,1,1,1,1,1,1,1,1,8,4,12,0,0,0,1
923,2393883709,"Valdez, Thomas I.",1,0,1,0,1,1,1,1,0,1,1,1,6,3,9,2,1,3,0.75
924,2217989961,"Rivera, Pol G.",1,1,1,1,1,1,0,1,1,1,1,1,7,4,11,1,0,1,0.9166666666666666
925,2354509067,"Garcia, Christian F.",1,1,1,1,1,1,1,1,1,1,1,1,8,4,12,0,0,0,1
926,2264409961,"Navarro, Jaymarc H.",1,0,1,1,1,1,1,1,1,0,0,1,7,2,9,1,2,3,0.75
927,2209559637,"Garcia, Nathan L.",1,1,1,1,1,1,1,1,1,1,1,1,8,4,12,0,0,0,1
928,2366039469,"Lisondra, Johann M.",1,1,1,0,1,0,1,1,1,0,0,1,6,2,8,2,2,4,0.6666666666666666
929,2300706773,"Nuer, Christian J.",0,1,1,1,0,1,0,0,1,1,1,1,4,4,8,4,0,4,0.6666666666666666
930,2261294089,"Reyes, Jannerie L.",0,1,1,1,1,1,1,0,1,1,1,1,6,4,10,2,0,2,0.8333333333333334
931,2255595311,"Tilanduca, Nicole G.",1,1,1,1,1,1,1,1,1,1,1,1,8,4,12,0,0,0,1
932,2337640435,"Dela Cruz, Maria E.",1,1,1,1,1,1,1,1,0,1,1,0,8,2,10,0,2,2,0.8333333333333334
933,2315419424,"Malana, Joshua E.",1,0,1,0,0,1,1,0,1,1,0,1,4,3,7,4,1,5,0.5833333333333334
934,2298695560,"Santos, Gabriel M.",1,0,1,1,1,1,0,0,1,1,1,0,5,3,8,3,1,4,0.6666666666666666
935,2357610968,"Bautista, Mark P.",1,1,1,1,1,0,0,1,1,0,1,1,6,3,9,2,1,3,0.75
936,2359428199,"Malana, Kim P.",0,1,1,1,0,1,1,1,1,0,1,1,6,3,9,2,1,3,0.75
937,2272565153,"Salazar, Jaymarc A.",1,1,1,1,0,1,1,0,1,1,1,1,6,4,10,2,0,2,0.8333333333333334
938,2285897239,"Gonzales, Kim M.",1,1,1,1,1,1,1,0,1,1,1,1,7,4,11,1,0,1,0.9166666666666666
939,2298594588,"Bautista, Miguel G.",1,1,1,1,1,1,0,1,1,1,1,1,7,4,11,1,0,1,0.9166666666666666
940,2388071327,"Rivera, Nicole C.",1,1,1,1,1,1,1,1,1,1,1,1,8,4,12,0,0,0,1
941,2219029990,"Villanueva, Mary J.",1,1,1,1,1,1,1,1,0,1,1,1,8,3,11,0,1,1,0.9166666666666666
942,2372578868,"Rivera, John B.",1,0,0,0,1,0,1,1,1,1,1,1,4,4,8,4,0,4,0.6666666666666666
943,2289018244,"Uy, Trisha M.",1,1,1,1,1,1,0,1,1,1,1,0,7,3,10,1,1,2,0.8333333333333334
944,2206923988,"Torres, Kim A.",1,0,0,1,1,1,1,1,1,1,1,1,6,4,10,2,0,2,0.8333333333333334
945,2264051096,"De Guzman, Daniel D.",1,1,1,1,0,1,1,1,0,1,1,1,7,3,10,1,1,2,0.8333333333333334
946,2397873152,"Gumapac, Christian O.",1,1,0,1,1,1,1,1,1,1,1,1,7,4,11,1,0,1,0.9166666666666666
947,2257463145,"Soriano, Meljon M.",0,0,1,1,1,1,1,0,1,1,1,1,5,4,9,3,0,3,0.75
948,2281816809,"Salazar, Kyle C.",1,1,1,0,1,1,1,1,1,1,1,1,7,4,11,1,0,1,0.9166666666666666
949,2276257114,"Maraon, John N.",1,1,1,1,1,1,1,1,1,1,1,1,8,4,12,0,0,0,1
950,2204892299,"Rivera, Dean I.",1,1,1,1,0,1,1,1,1,1,1,1,7,4,11,1,0,1,0.9166666666666666
951,2347991155,"Lintawahan, Miguel N.",1,1,1,1,1,1,1,1,1,1,1,1,8,4,12,0,0,0,1
952,2345445605,"Tan, Jeter L.",0,1,0,0,0,0,0,0,0,1,1,1,1,3,4,7,1,8,0.3333333333333333
953,2369655344,"Tilanduca, Elisabeth O.",0,1,1,0,1,1,1,1,1,1,1,1,6,4,10,2,0,2,0.8333333333333334
954,2255990129,"Lisondra, Ella K.",1,1,1,1,0,1,0,1,1,0,1,1,6,3,9,2,1,3,0.75
955,2344350584,"Santos, Ian L.",1,1,1,1,0,0,0,1,1,0,1,1,5,3,8,3,1,4,0.6666666666666666
956,2253782830,"Publico, Trisha J.",1,1,1,0,1,0,1,1,1,1,1,1,6,4,10,2,0,2,0.8333333333333334
957,2399543435,"Navarro, John I.",0,0,1,1,1,1,0,0,1,1,0,1,4,3,7,4,1,5,0.5833333333333334
958,2359157706,"Uy, Kevin O.",1,1,0,1,0,1,1,1,1,1,1,1,6,4,10,2,0,2,0.8333333333333334
959,2342811419,"Garcia, Mark O.",1,1,1,1,0,1,0,0,1,1,1,0,5,3,8,3,1,4,0.6666666666666666
960,2255674621,"Dela Cerna, Ian L.",1,1,1,1,1,1,1,1,1,1,1,1,8,4,12,0,0,0,1
961,2293044973,"Salto, John F.",1,1,0,1,1,1,1,1,0,1,1,0,7,2,9,1,2,3,0.75
962,2377775791,"Quimbo, Miguel O.",1,1,1,1,0,1,1,1,1,1,1,1,7,4,11,1,0,1,0.9166666666666666
963,2313031657,"Dela Cerna, Renz F.",1,0,1,1,0,1,1,1,1,1,0,1,6,3,9,2,1,3,0.75
964,2300629501,"Melendez, Meljon M.",0,1,1,0,1,1,0,1,1,1,0,0,5,2,7,3,2,5,0.5833333333333334
965,2348327407,"Salazar, Winchel H.",1,1,1,1,1,1,0,1,1,0,1,1,7,3,10,1,1,2,0.8333333333333334
966,2387269480,"Gonzales, Alyssa O.",1,1,1,1,1,1,1,1,0,1,1,1,8,3,11,0,1,1,0.9166666666666666
967,2327545803,"Torres, Mark I.",1,0,1,1,0,1,0,1,0,1,1,1,5,3,8,3,1,4,0.6666666666666666
968,2206698766,"Mendoza, Sean K.",1,1,0,1,1,1,0,1,1,0,1,1,6,3,9,2,1,3,0.75
969,2242624974,"Quimbo, Sean M.",1,1,0,0,0,0,0,0,0,0,1,1,2,2,4,6,2,8,0.3333333333333333
970,2217031768,"Halinon, Mark P.",1,1,0,0,1,0,1,1,1,1,1,0,5,3,8,3,1,4,0.6666666666666666
971,2211467894,"Soriano, James G.",1,0,1,1,1,1,0,0,1,1,1,1,5,4,9,3,0,3,0.75
972,2336281617,"Valdez, Miky N.",1,1,1,1,0,1,1,1,1,0,0,1,7,2,9,1,2,3,0.75
973,2364760268,"Delfin, Johann N.",1,1,1,1,1,0,1,1,1,0,1,1,7,3,10,1,1,2,0.8333333333333334
974,2277973770,"Merina, Ian O.",0,0,1,0,1,0,1,1,1,0,0,1,4,2,6,4,2,6,0.5
975,2320284240,"Dela Cruz, James K.",0,1,1,1,1,1,1,1,1,1,1,1,7,4,11,1,0,1,0.9166666666666666
976,2362074420,"Mercado, James M.",1,1,1,1,1,1,1,1,1,1,1,1,8,4,12,0,0,0,1
977,2217888944,"Torres, Mary E.",1,0,1,1,0,1,1,1,1,1,0,1,6,3,9,2,1,3,0.75
978,2379931668,"Tan, Sean A.",1,1,1,0,1,1,0,1,1,1,0,0,6,2,8,2,2,4,0.6666666666666666
979,2242398980,"Gumapac, Patrick E.",0,1,1,1,1,1,1,0,1,1,1,1,6,4,10,2,0,2,0.8333333333333334
980,2285173013,"Reyes, Kyle J.",1,0,0,0,0,1,1,1,0,1,0,1,4,2,6,4,2,6,0.5
981,2273227390,"Bautista, Christian H.",1,1,1,1,1,1,1,1,1,1,1,1,8,4,12,0,0,0,1
982,2318155318,"Merina, Renz C.",1,1,1,1,1,1,1,1,1,1,1,1,8,4,12,0,0,0,1
983,2337857394,"De Guzman, Thomas F.",1,0,1,1,1,0,1,1,0,0,1,0,6,1,7,2,3,5,0.5833333333333334
984,2221073508,"Valdez, Justine M.",1,1,1,1,1,1,1,1,1,1,1,1,8,4,12,0,0,0,1
985,2390704061,"Torres, Juvel K.",1,1,1,1,1,1,1,1,1,0,1,1,8,3,11,0,1,1,0.9166666666666666
986,2221627860,"Lantinay, Dean G.",1,1,0,0,0,1,1,1,1,1,1,0,5,3,8,3,1,4,0.6666666666666666
987,2352974336,"Mercado, Nathan B.",0,0,0,1,1,0,1,0,0,1,0,0,3,1,4,5,3,8,0.3333333333333333
988,2200763493,"Lisondra, Ella F.",1,1,1,1,1,1,0,1,1,1,1,1,7,4,11,1,0,1,0.9166666666666666
989,2266976395,"De Guzman, Ian M.",1,0,1,1,1,1,1,1,1,0,1,1,7,3,10,1,1,2,0.8333333333333334
990,2395780381,"Tolentino, Dean O.",1,1,1,1,1,1,0,1,1,1,1,1,7,4,11,1,0,1,0.9166666666666666
991,2315885676,"Delfin, Ella I.",1,1,1,0,1,1,0,1,0,0,1,0,6,1,7,2,3,5,0.5833333333333334
992,2215611820,"Dela Cruz, Pol D.",1,1,1,1,1,1,1,1,1,1,1,1,8,4,12,0,0,0,1
993,2261905764,"Mendoza, Gabriel N.",1,0,1,0,0,1,1,1,1,0,1,1,5,3,8,3,1,4,0.6666666666666666
994,2258341192,"Dela Cerna, Claire D.",1,1,1,1,1,1,1,1,1,0,1,1,8,3,11,0,1,1,0.9166666666666666
995,2373306599,"Delfin, Miguel A.",1,1,0,0,1,1,1,1,1,1,1,1,6,4,10,2,0,2,0.8333333333333334
996,2345717604,"Añonuevo, Miguel K.",0,1,1,1,1,1,1,1,1,1,1,1,7,4,11,1,0,1,0.9166666666666666
997,2355367510,"Navarro, Ian F.",1,1,0,1,1,1,1,0,1,1,1,1,6,4,10,2,0,2,0.8333333333333334
998,2229421005,"Santos, Jeter I.",1,1,1,1,1,0,1,0,1,1,1,1,6,4,10,2,0,2,0.8333333333333334
999,2325144580,"Melendez, Jeter P.",1,1,1,0,0,1,1,1,0,0,1,0,6,1,7,2,3,5,0.5833333333333334
1000,2384639379,"Gumapac, Jaymarc C.",1,1,0,0,1,1,1,0,1,0,1,1,5,3,8,3,1,4,0.6666666666666666
